U:0,U:1,U:2,grad(U):0,grad(U):1,grad(U):2,grad(U):3,grad(U):4,grad(U):5,grad(U):6,grad(U):7,grad(U):8,Points:0,Points:1,Points:2,Point ID
0.282841,1.06198e-06,0,63.099,0.00237,0,0,-63.0994,0,0,0,0,0.00078,0.001,0,39
0.284104,1.10996e-06,0,63.09,0.0024375,0,0,-63.0909,0,0,0,0,0.0008,0.001,0,40
0.281579,1.01499e-06,0,63.0735,0.0022875,0,0,-63.0731,0,0,0,0,0.00076,0.001,0,38
0.285365,1.15947e-06,0,62.9865,0.002505,0,0,-62.9862,0,0,0,0,0.00082,0.001,0,41
0.280318,9.70007e-07,0,62.979,0.002175,0,0,-62.9771,0,0,0,0,0.00074,0.001,0,37
0.286624,1.20998e-06,0,62.853,0.0025725,0,0,-62.8523,0,0,0,0,0.00084,0.001,0,42
0.279059,9.28016e-07,0,62.8065,0.0020775,0,0.00149999,-62.8054,0,0,0,0,0.00072,0.001,0,36
0.28788,1.26251e-06,0,62.6595,0.00264,0,0,-62.66,0,0,0,0,0.00086,0.001,0,43
0.277803,8.87521e-07,0,62.595,0.00198749,0,0.00374997,-62.5959,0,0,0,0,0.0007,0.001,0,35
0.289131,1.31602e-06,0,62.415,0.0027075,0,0,-62.4147,0,0,0,0,0.00088,0.001,0,44
0.276556,8.48511e-07,0,62.2665,0.001965,0,0.00374997,-62.2643,0,0,0,0,0.00068,0.001,0,34
0.290379,1.37003e-06,0,62.145,0.00277501,0,0,-62.143,0,0,0,0,0.0009,0.001,0,45
0.275312,8.095e-07,0,61.8945,0.0019395,0,0.00299997,-61.8891,0,0,0,0,0.00066,0.001,0,33
0.291616,1.42701e-06,0,61.803,0.002865,0,0,-61.7999,0,0,0,0,0.00092,0.001,0,46
0.29285,1.485e-06,0,61.4385,0.0029535,0,0,-61.4354,0,0,0,0,0.00094,0.001,0,47
0.274078,7.70489e-07,0,61.4355,0.001908,0,0.000749991,-61.4268,0,0,0,0,0.00064,0.001,0,32
0.294075,1.545e-06,0,61.029,0.00303899,0,0,-61.0283,0,0,0,0,0.00096,0.001,0,48
0.272855,7.32887e-07,0,60.8805,0.001848,0,0,-60.8719,0,0,0,0,0.00062,0.001,0,31
0.29529,1.6068e-06,0,60.5805,0.00313649,0,0,-60.5835,0,0,0,0,0.00098,0.001,0,49
0.271639,6.95989e-07,0,60.2775,0.00177376,0,6.5484e-09,-60.2706,0,0,0,0,0.0006,0.001,0,30
0.296501,1.66951e-06,0,60.1125,0.00324,0,0,-60.1198,0,0,0,0,0.001,0.001,0,50
0.297695,1.73641e-06,0,59.5995,0.0033525,0,0.00224997,-59.6063,0,0,0,0,0.00102,0.001,0,51
0.270444,6.61946e-07,0,59.526,0.00170851,0,0.00225002,-59.5224,0,0,0,0,0.00058,0.001,0,29
0.298883,1.80441e-06,0,59.073,0.00346125,0,0.00374997,-59.0784,0,0,0,0,0.00104,0.001,0,52
0.269259,6.28401e-07,0,58.7235,0.00164926,0,0.00375003,-58.7228,0,0,0,0,0.00056,0.001,0,28
0.300059,1.87461e-06,0,58.5195,0.0035625,0,0.00374997,-58.5217,0,0,0,0,0.00106,0.001,0,53
0.301223,1.9471e-06,0,57.942,0.00366824,0,0.00224999,-57.9401,0,0,0,0,0.00108,0.001,0,54
0.268092,5.95851e-07,0,57.819,0.001602,0,0.00375003,-57.8206,0,0,0,0,0.00054,0.001,0,27
0.30238,2.02074e-06,0,57.3525,0.00377624,0,0,-57.3462,0,0,0,0,0.0011,0.001,0,55
0.266947,5.64402e-07,0,56.8095,0.00155275,0,0.00225001,-56.8114,0,0,0,0,0.00052,0.001,0,26
0.303517,2.09814e-06,0,56.727,0.00389098,0,0,-56.7207,0,0,0,0,0.00112,0.001,0,56
0.304647,2.17684e-06,0,56.091,0.00400648,0,0,-56.0865,0,0,0,0,0.00114,0.001,0,57
0.265813,5.33502e-07,0,55.7475,0.0015025,0,0,-55.7488,0,0,0,0,0.0005,0.001,0,25
0.305762,2.25815e-06,0,55.434,0.00412348,0,0,-55.4348,0,0,0,0,0.00116,0.001,0,58
0.306863,2.34205e-06,0,54.768,0.00424198,0,0,-54.7689,0,0,0,0,0.00118,0.001,0,59
0.264718,5.04253e-07,0,54.519,0.001456,0,0,-54.5207,0,0,0,0,0.00048,0.001,0,24
0.307956,2.42726e-06,0,54.0975,0.00436123,0,0,-54.0958,0,0,0,0,0.0012,0.001,0,60
0.309027,2.51651e-06,0,53.409,0.00448948,0,0,-53.4059,0,0,0,0,0.00122,0.001,0,61
0.263636,4.75504e-07,0,53.235,0.001412,0,0,-53.2362,0,0,0,0,0.00046,0.001,0,23
0.31009,2.60726e-06,0,52.7145,0.00461999,0,0,-52.7117,0,0,0,0,0.00124,0.001,0,62
0.311137,2.701e-06,0,52.008,0.00475499,0,0,-52.009,0,0,0,0,0.00126,0.001,0,63
0.262584,4.47757e-07,0,51.84,0.001373,0,0,-51.8389,0,0,0,0,0.00044,0.001,0,22
0.312168,2.79775e-06,0,51.2985,0.00488849,0,0,-51.3002,0,0,0,0,0.00128,0.001,0,64
0.313192,2.89601e-06,0,50.5875,0.00502124,0,0,-50.5884,0,0,0,0,0.0013,0.001,0,65
0.261565,4.20806e-07,0,50.331,0.001336,0,0,-50.3276,0,0,0,0,0.00042,0.001,0,21
0.314192,2.99861e-06,0,49.872,0.00516075,0,0,-49.8709,0,0,0,0,0.00132,0.001,0,66
0.315184,3.10286e-06,0,49.1542,0.005304,0,0,-49.1526,0,0,0,0,0.00134,0.001,0,67
0.260562,3.94255e-07,0,48.765,0.00130001,0,0,-48.7592,0,0,0,0,0.0004,0.001,0,20
0.31616,3.21041e-06,0,48.432,0.00545475,0,0,-48.4325,0,0,0,0,0.00136,0.001,0,68
0.317119,3.32136e-06,0,47.7113,0.005607,0,0.00299999,-47.7125,0,0,0,0,0.00138,0.001,0,69
0.259614,3.689e-07,0,47.0235,0.00126099,0,0,-47.0202,0,0,0,0,0.00038,0.001,0,19
0.318071,3.434e-06,0,46.9912,0.00576,0,0.00749999,-46.9925,0,0,0,0,0.0014,0.001,0,70
0.318999,3.55175e-06,0,46.2758,0.0059175,0,0.00749999,-46.275,0,0,0,0,0.00142,0.001,0,71
0.319919,3.6713e-06,0,45.5603,0.00607725,0,0.006,-45.5591,0,0,0,0,0.00144,0.001,0,72
0.258687,3.43999e-07,0,45.2265,0.00122298,0,0,-45.2251,0,0,0,0,0.00036,0.001,0,18
0.320823,3.79444e-06,0,44.8447,0.0062415,0,0.00150002,-44.8462,0,0,0,0,0.00146,0.001,0,73
0.321711,3.9213e-06,0,44.1338,0.00640725,0,0.00149999,-44.1377,0,0,0,0,0.00148,0.001,0,74
0.322591,4.05e-06,0,43.425,0.00657375,0,0.00375,-43.4314,0,0,0,0,0.0015,0.001,0,75
0.2578,3.20005e-07,0,43.3185,0.00118698,0,0,-43.318,0,0,0,0,0.00034,0.001,0,17
0.323448,4.18425e-06,0,42.732,0.00674925,0,0.00375,-42.7332,0,0,0,0,0.00152,0.001,0,76
0.324297,4.32055e-06,0,42.0413,0.00692775,0,0.00375,-42.0381,0,0,0,0,0.00154,0.001,0,77
0.325132,4.46095e-06,0,41.355,0.00711225,0,0.00375001,-41.3494,0,0,0,0,0.00156,0.001,0,78
0.256958,2.96705e-07,0,41.3025,0.001156,0,0,-41.3026,0,0,0,0,0.00032,0.001,0,16
0.32595,4.60545e-06,0,40.6702,0.00729675,0,0.00525,-40.6678,0,0,0,0,0.00158,0.001,0,79
0.326761,4.752e-06,0,39.9862,0.00748125,0,0.00750001,-39.9898,0,0,0,0,0.0016,0.001,0,80
0.32755,4.9047e-06,0,39.3202,0.00767474,0,0.00525,-39.3235,0,0,0,0,0.00162,0.001,0,81
0.256137,2.73751e-07,0,39.2325,0.00112751,0,0,-39.2331,0,0,0,0,0.0003,0.001,0,15
0.328331,5.05965e-06,0,38.6603,0.00787124,0,0.00375,-38.6613,0,0,0,0,0.00164,0.001,0,82
0.329097,5.2191e-06,0,38.0123,0.00807375,0,0.00375,-38.0075,0,0,0,0,0.00166,0.001,0,83
0.32985,5.38304e-06,0,37.3688,0.00827925,0,0.00524999,-37.3625,0,0,0,0,0.00168,0.001,0,84
0.255388,2.51696e-07,0,37.005,0.00109751,0,0,-37.0095,0,0,0,0,0.00028,0.001,0,14
0.330595,5.54924e-06,0,36.7275,0.00848626,0,0.00749999,-36.7218,0,0,0,0,0.0017,0.001,0,85
0.331319,5.7225e-06,0,36.0953,0.00870675,0,0.0075,-36.0948,0,0,0,0,0.00172,0.001,0,86
0.332036,5.89831e-06,0,35.4683,0.0089295,0,0.00825,-35.4725,0,0,0,0,0.00174,0.001,0,87
0.332739,6.07921e-06,0,34.8517,0.00915676,0,0.0105,-34.8596,0,0,0,0,0.00176,0.001,0,88
0.254665,2.29996e-07,0,34.731,0.00106651,0,0,-34.7386,0,0,0,0,0.00026,0.001,0,13
0.333428,6.26511e-06,0,34.2487,0.0093855,0,0.01125,-34.2562,0,0,0,0,0.00178,0.001,0,89
0.334111,6.4535e-06,0,33.6525,0.009615,0,0.01125,-33.6576,0,0,0,0,0.0018,0.001,0,90
0.334775,6.6497e-06,0,33.072,0.00985575,0,0.01125,-33.0734,0,0,0,0,0.00182,0.001,0,91
0.335431,6.84864e-06,0,32.4953,0.0100995,0,0.01125,-32.4942,0,0,0,0,0.00184,0.001,0,92
0.253993,2.09006e-07,0,32.364,0.00103351,0,0,-32.3727,0,0,0,0,0.00024,0.001,0,12
0.336076,7.05309e-06,0,31.926,0.0103492,0,0.01125,-31.9247,0,0,0,0,0.00186,0.001,0,93
0.336707,7.26314e-06,0,31.3658,0.010605,0,0.00975,-31.3649,0,0,0,0,0.00188,0.001,0,94
0.337332,7.47599e-06,0,30.81,0.0108637,0,0.00750001,-30.8099,0,0,0,0,0.0019,0.001,0,95
0.33794,7.69769e-06,0,30.2678,0.011136,0,0.00974998,-30.2694,0,0,0,0,0.00192,0.001,0,96
0.253375,1.88709e-07,0,29.916,0.00100352,0,0,-29.9218,0,0,0,0,0.00022,0.001,0,11
0.338541,7.92249e-06,0,29.7308,0.0114113,0,0.01125,-29.7337,0,0,0,0,0.00194,0.001,0,97
0.33913,8.1535e-06,0,29.2042,0.0116925,0,0.01125,-29.2076,0,0,0,0,0.00196,0.001,0,98
0.339708,8.3908e-06,0,28.6898,0.0119797,0,0.00975004,-28.691,0,0,0,0,0.00198,0.001,0,99
0.34028,8.63125e-06,0,28.1813,0.01227,0,0.00750008,-28.179,0,0,0,0,0.002,0.001,0,100
0.340835,8.8816e-06,0,27.684,0.0125737,0,0.00975003,-27.681,0,0,0,0,0.00202,0.001,0,101
0.252784,1.68759e-07,0,27.4275,0.000975013,0,0,-27.4284,0,0,0,0,0.0002,0.001,0,10
0.341385,9.1354e-06,0,27.1898,0.012882,0,0.012,-27.1875,0,0,0,0,0.00204,0.001,0,102
0.341923,9.3961e-06,0,26.7015,0.0131992,0,0.01425,-26.7031,0,0,0,0,0.00206,0.001,0,103
0.342452,9.66401e-06,0,26.2253,0.0135255,0,0.0165,-26.2276,0,0,0,0,0.00208,0.001,0,104
0.342974,9.93551e-06,0,25.755,0.0138562,0,0.01875,-25.7566,0,0,0,0,0.0021,0.001,0,105
0.343482,1.02183e-05,0,25.2983,0.0142027,0,0.021,-25.2986,0,0,0,0,0.00212,0.001,0,106
0.343984,1.0505e-05,0,24.8452,0.0145545,0,0.02175,-24.8448,0,0,0,0,0.00214,0.001,0,107
0.252278,1.49703e-07,0,24.8265,0.000947976,0,0,-24.8256,0,0,0,0,0.00018,0.001,0,9
0.344476,1.07996e-05,0,24.3997,0.0149167,0,0.0195,-24.3995,0,0,0,0,0.00216,0.001,0,108
0.344959,1.11024e-05,0,23.9633,0.0152865,0,0.01725,-23.9623,0,0,0,0,0.00218,0.001,0,109
0.345437,1.14093e-05,0,23.5312,0.01566,0,0.015,-23.5292,0,0,0,0,0.0022,0.001,0,110
0.3459,1.17288e-05,0,23.1083,0.0160492,0,0.01725,-23.108,0,0,0,0,0.00222,0.001,0,111
0.346359,1.20527e-05,0,22.6898,0.016446,0,0.0195,-22.6906,0,0,0,0,0.00224,0.001,0,112
0.346809,1.23856e-05,0,22.2802,0.0168577,0,0.02175,-22.2808,0,0,0,0,0.00226,0.001,0,113
0.251801,1.30948e-07,0,22.1955,0.000922453,0,0,-22.1932,0,0,0,0,0.00016,0.001,0,8
0.347249,1.27278e-05,0,21.8783,0.0172845,0,0.0225,-21.8784,0,0,0,0,0.00228,0.001,0,114
0.347686,1.30747e-05,0,21.48,0.0177188,0,0.0225,-21.4797,0,0,0,0,0.0023,0.001,0,115
0.348109,1.34365e-05,0,21.0907,0.0181665,0,0.0225,-21.0917,0,0,0,0,0.00232,0.001,0,116
0.348527,1.38033e-05,0,20.7052,0.0186188,0,0.02175,-20.7071,0,0,0,0,0.00234,0.001,0,117
0.348938,1.41801e-05,0,20.3272,0.01908,0,0.0195,-20.3293,0,0,0,0,0.00236,0.001,0,118
0.349339,1.45674e-05,0,19.9553,0.0195577,0,0.0202499,-19.9581,0,0,0,0,0.00238,0.001,0,119
0.349737,1.496e-05,0,19.5863,0.0200437,0,0.0224999,-19.5902,0,0,0,0,0.0024,0.001,0,120
0.251384,1.12796e-07,0,19.5045,0.000899959,0,0,-19.5018,0,0,0,0,0.00014,0.001,0,7
0.350123,1.53692e-05,0,19.2307,0.0205477,0,0.027,-19.2316,0,0,0,0,0.00242,0.001,0,121
0.350505,1.57841e-05,0,18.8775,0.021057,0,0.03,-18.8761,0,0,0,0,0.00244,0.001,0,122
0.350879,1.62102e-05,0,18.5288,0.0215767,0,0.03,-18.5265,0,0,0,0,0.00246,0.001,0,123
0.351245,1.66481e-05,0,18.183,0.0221115,0,0.0315,-18.1827,0,0,0,0,0.00248,0.001,0,124
0.351608,1.7092e-05,0,17.8388,0.0226537,0,0.0337499,-17.8418,0,0,0,0,0.0025,0.001,0,125
0.351959,1.75543e-05,0,17.5103,0.0232117,0,0.036,-17.5091,0,0,0,0,0.00252,0.001,0,126
0.352306,1.80228e-05,0,17.1833,0.0237735,0,0.0375,-17.1789,0,0,0,0,0.00254,0.001,0,127
0.352647,1.85039e-05,0,16.8592,0.0243427,0,0.0375,-16.854,0,0,0,0,0.00256,0.001,0,128
0.251027,9.50458e-08,0,16.7595,0.000878465,0,0,-16.7668,0,0,0,0,0.00012,0.001,0,6
0.35298,1.89977e-05,0,16.5368,0.0249225,0,0.0375,-16.5341,0,0,0,0,0.00258,0.001,0,129
0.35331,1.9498e-05,0,16.215,0.0255075,0,0.0375,-16.2167,0,0,0,0,0.0026,0.001,0,130
0.353629,2.0018e-05,0,15.9045,0.0261037,0,0.042,-15.9063,0,0,0,0,0.00262,0.001,0,131
0.353944,2.05447e-05,0,15.5963,0.0267022,0,0.0465,-15.5982,0,0,0,0,0.00264,0.001,0,132
0.354253,2.10848e-05,0,15.2925,0.0273052,0,0.051,-15.2947,0,0,0,0,0.00266,0.001,0,133
0.354555,2.16383e-05,0,14.9948,0.0279127,0,0.0525,-14.9954,0,0,0,0,0.00268,0.001,0,134
0.354854,2.21985e-05,0,14.7,0.0285225,0,0.0525,-14.6983,0,0,0,0,0.0027,0.001,0,135
0.355143,2.27792e-05,0,14.412,0.02913,0,0.05475,-14.4072,0,0,0,0,0.00272,0.001,0,136
0.355429,2.33665e-05,0,14.124,0.029736,0,0.05625,-14.1181,0,0,0,0,0.00274,0.001,0,137
0.2507,7.74962e-08,0,13.9875,0.000857472,0,0,-14.01,0,0,0,0,0.0001,0.001,0,5
0.355709,2.39672e-05,0,13.836,0.030339,0,0.05625,-13.833,0,0,0,0,0.00276,0.001,0,138
0.355982,2.45814e-05,0,13.551,0.030936,0,0.05625,-13.5515,0,0,0,0,0.00278,0.001,0,139
0.356252,2.52023e-05,0,13.2675,0.03153,0,0.05625,-13.2719,0,0,0,0,0.0028,0.001,0,140
0.356513,2.58426e-05,0,12.993,0.032106,0,0.06075,-12.9976,0,0,0,0,0.00282,0.001,0,141
0.35677,2.64892e-05,0,12.7207,0.0326745,0,0.06375,-12.725,0,0,0,0,0.00284,0.001,0,142
0.357022,2.71485e-05,0,12.453,0.033228,0,0.06375,-12.4558,0,0,0,0,0.00286,0.001,0,143
0.357268,2.78197e-05,0,12.1883,0.0337605,0,0.06675,-12.1899,0,0,0,0,0.00288,0.001,0,144
0.357511,2.8497e-05,0,11.925,0.0342825,0,0.07125,-11.9256,0,0,0,0,0.0029,0.001,0,145
0.357745,2.9191e-05,0,11.6663,0.0347685,0,0.0779999,-11.6661,0,0,0,0,0.00292,0.001,0,146
0.357976,2.98903e-05,0,11.409,0.0352395,0,0.0825,-11.408,0,0,0,0,0.00294,0.001,0,147
0.250467,6.0847e-08,0,11.1345,0.000819993,0,0,-11.2129,0,0,0,0,8e-05,0.001,0,4
0.358202,3.06e-05,0,11.1547,0.0356805,0,0.0825,-11.153,0,0,0,0,0.00296,0.001,0,148
0.358422,3.13188e-05,0,10.902,0.036084,0,0.084,-10.9009,0,0,0,0,0.00298,0.001,0,149
0.358639,3.20423e-05,0,10.65,0.0364687,0,0.0862499,-10.6503,0,0,0,0,0.003,0.001,0,150
0.358848,3.27776e-05,0,10.4025,0.036795,0,0.0884999,-10.404,0,0,0,0,0.00302,0.001,0,151
0.359054,3.35161e-05,0,10.1573,0.037098,0,0.0907499,-10.1592,0,0,0,0,0.00304,0.001,0,152
0.359255,3.42614e-05,0,9.9165,0.0373545,0,0.093,-9.91712,0,0,0,0,0.00306,0.001,0,153
0.35945,3.50113e-05,0,9.67875,0.0375555,0,0.09675,-9.67785,0,0,0,0,0.00308,0.001,0,154
0.359643,3.57637e-05,0,9.4425,0.0377287,0,0.10125,-9.43996,0,0,0,0,0.0031,0.001,0,155
0.359828,3.65205e-05,0,9.21075,0.0378165,0,0.10575,-9.20619,0,0,0,0,0.00312,0.001,0,156
0.36001,3.72778e-05,0,8.979,0.0378726,0,0.1095,-8.9738,0,0,0,0,0.00314,0.001,0,157
0.360187,3.8036e-05,0,8.74725,0.0378654,0,0.11175,-8.74414,0,0,0,0,0.00316,0.001,0,158
0.360359,3.87929e-05,0,8.517,0.0377882,0,0.114,-8.51722,0,0,0,0,0.00318,0.001,0,159
0.250266,4.4698e-08,0,8.322,0.000785017,0,0,-8.41143,0,0,0,0,6e-05,0.001,0,3
0.360529,3.95492e-05,0,8.2875,0.037676,0,0.11625,-8.29168,0,0,0,0,0.0032,0.001,0,160
0.360691,4.03e-05,0,8.067,0.0374533,0,0.12075,-8.07026,0,0,0,0,0.00322,0.001,0,161
0.360851,4.10476e-05,0,7.848,0.0371919,0,0.12525,-7.85023,0,0,0,0,0.00324,0.001,0,162
0.361005,4.1789e-05,0,7.632,0.0368532,0,0.12975,-7.63298,0,0,0,0,0.00326,0.001,0,163
0.361155,4.25216e-05,0,7.4175,0.0364336,0,0.13275,-7.41856,0,0,0,0,0.00328,0.001,0,164
0.361303,4.32498e-05,0,7.20375,0.0359735,0,0.135,-7.20555,0,0,0,0,0.0033,0.001,0,165
0.361444,4.39606e-05,0,6.9945,0.0353819,0,0.13725,-6.99684,0,0,0,0,0.00332,0.001,0,166
0.361582,4.4664e-05,0,6.7875,0.0347457,0,0.141,-6.78959,0,0,0,0,0.00334,0.001,0,167
0.361715,4.53527e-05,0,6.585,0.0340203,0,0.14775,-6.58526,0,0,0,0,0.00336,0.001,0,168
0.361845,4.60239e-05,0,6.3855,0.0332077,0,0.156,-6.38392,0,0,0,0,0.00338,0.001,0,169
0.361972,4.66863e-05,0,6.1875,0.0323515,0,0.165,-6.18408,0,0,0,0,0.0034,0.001,0,170
0.362092,4.7318e-05,0,5.99175,0.0313614,0,0.1695,-5.98883,0,0,0,0,0.00342,0.001,0,171
0.36221,4.79379e-05,0,5.7975,0.0303254,0,0.17325,-5.79516,0,0,0,0,0.00344,0.001,0,172
0.362325,4.85343e-05,0,5.60625,0.0291979,0,0.1755,-5.60462,0,0,0,0,0.00346,0.001,0,173
0.25013,2.95495e-08,0,5.5905,0.000755048,0,0,-5.60123,0,0,0,0,4e-05,0.001,0,2
0.362434,4.9104e-05,0,5.418,0.0279801,0,0.18075,-5.41729,0,0,0,0,0.00348,0.001,0,174
0.362542,4.96605e-05,0,5.23125,0.0267173,0,0.1875,-5.23157,0,0,0,0,0.0035,0.001,0,175
0.362644,5.01727e-05,0,5.049,0.0253247,0,0.19425,-5.0508,0,0,0,0,0.00352,0.001,0,176
0.362743,5.06688e-05,0,4.86825,0.0238904,0,0.20025,-4.87171,0,0,0,0,0.00354,0.001,0,177
0.362839,5.11324e-05,0,4.6905,0.0223729,0,0.20475,-4.69601,0,0,0,0,0.00356,0.001,0,178
0.36293,5.1561e-05,0,4.51875,0.0207745,0,0.20925,-4.52376,0,0,0,0,0.00358,0.001,0,179
0.36302,5.1972e-05,0,4.35,0.0191357,0,0.21375,-4.35324,0,0,0,0,0.0036,0.001,0,180
0.363104,5.23264e-05,0,4.19025,0.0173827,0,0.21825,-4.18803,0,0,0,0,0.00362,0.001,0,181
0.363187,5.26607e-05,0,4.0305,0.0155943,0,0.2235,-4.02462,0,0,0,0,0.00364,0.001,0,182
0.363266,5.29549e-05,0,3.87075,0.0137354,0,0.23025,-3.86481,0,0,0,0,0.00366,0.001,0,183
0.363341,5.32066e-05,0,3.711,0.011814,0,0.237,-3.70867,0,0,0,0,0.00368,0.001,0,184
0.363415,5.3437e-05,0,3.55125,0.00986125,0,0.24375,-3.55437,0,0,0,0,0.0037,0.001,0,185
0.250051,1.47e-08,0,3.072,0.000747061,0,0,-3.72792,0,0,0,0,2e-05,0.001,0,1
0.363483,5.3601e-05,0,3.40275,0.00782772,0,0.24825,-3.40568,0,0,0,0,0.00372,0.001,0,186
0.36355,5.3742e-05,0,3.25725,0.00577023,0,0.25425,-3.25889,0,0,0,0,0.00374,0.001,0,187
0.363614,5.38369e-05,0,3.11775,0.0036648,0,0.26325,-3.11587,0,0,0,0,0.00376,0.001,0,188
0.363675,5.38843e-05,0,2.97825,0.00152101,0,0.27225,-2.97669,0,0,0,0,0.00378,0.001,0,189
0.363734,5.39079e-05,0,2.83875,-0.000641975,0,0.28125,-2.83942,0,0,0,0,0.0038,0.001,0,190
0.363788,5.38586e-05,0,2.70375,-0.00284682,0,0.28575,-2.70795,0,0,0,0,0.00382,0.001,0,191
0.363841,5.37846e-05,0,2.5725,-0.00506102,0,0.291,-2.57843,0,0,0,0,0.00384,0.001,0,192
0.363891,5.36612e-05,0,2.44875,-0.00729398,0,0.29775,-2.45279,0,0,0,0,0.00386,0.001,0,193
0.363939,5.3488e-05,0,2.331,-0.009535,0,0.3045,-2.33106,0,0,0,0,0.00388,0.001,0,194
0.363985,5.32898e-05,0,2.21625,-0.01178,0,0.31125,-2.21128,0,0,0,0,0.0039,0.001,0,195
0.364027,5.30168e-05,0,2.1015,-0.0140204,0,0.318,-2.09735,0,0,0,0,0.00392,0.001,0,196
0.364069,5.27189e-05,0,1.9875,-0.0162541,0,0.324,-1.98537,0,0,0,0,0.00394,0.001,0,197
0.364107,5.23714e-05,0,1.875,-0.0184744,0,0.3285,-1.87728,0,0,0,0,0.00396,0.001,0,198
0.364143,5.19749e-05,0,1.7685,-0.0206709,0,0.3345,-1.77306,0,0,0,0,0.00398,0.001,0,199
0.25,0,0,0.66,0.000750065,0,0,-2.32306,0,0,0,0,0,0.001,0,0
0.364178,5.15538e-05,0,1.665,-0.0228556,0,0.34125,-1.67078,0,0,0,0,0.004,0.001,0,200
0.36421,5.10606e-05,0,1.5705,-0.0249876,0,0.348,-1.57425,0,0,0,0,0.00402,0.001,0,201
0.364241,5.05441e-05,0,1.47825,-0.0270971,0,0.35475,-1.47961,0,0,0,0,0.00404,0.001,0,202
0.364269,4.99809e-05,0,1.3905,-0.0291615,0,0.3615,-1.38877,0,0,0,0,0.00406,0.001,0,203
0.364296,4.93727e-05,0,1.30575,-0.0311715,0,0.36825,-1.30165,0,0,0,0,0.00408,0.001,0,204
0.364322,4.87419e-05,0,1.2225,-0.0331544,0,0.375,-1.2164,0,0,0,0,0.0041,0.001,0,205
0.364345,4.80465e-05,0,1.1415,-0.0350404,0,0.3795,-1.13664,0,0,0,0,0.00412,0.001,0,206
0.364367,4.73308e-05,0,1.06125,-0.0368901,0,0.38475,-1.05868,0,0,0,0,0.00414,0.001,0,207
0.364387,4.65742e-05,0,0.982501,-0.0386669,0,0.3915,-0.984296,0,0,0,0,0.00416,0.001,0,208
0.364406,4.57795e-05,0,0.911251,-0.0403631,0,0.39825,-0.913406,0,0,0,0,0.00418,0.001,0,209
0.364424,4.49657e-05,0,0.84375,-0.0420191,0,0.405,-0.844261,0,0,0,0,0.0042,0.001,0,210
0.36444,4.40987e-05,0,0.783,-0.0435424,0,0.4095,-0.780207,0,0,0,0,0.00422,0.001,0,211
0.364455,4.32157e-05,0,0.721501,-0.0450181,0,0.41325,-0.717798,0,0,0,0,0.00424,0.001,0,212
0.364469,4.23003e-05,0,0.658501,-0.0463987,0,0.4155,-0.658674,0,0,0,0,0.00426,0.001,0,213
0.364481,4.13558e-05,0,0.6,-0.0476789,0,0.42075,-0.60272,0,0,0,0,0.00428,0.001,0,214
0.364493,4.03969e-05,0,0.543751,-0.048909,0,0.4275,-0.548354,0,0,0,0,0.0043,0.001,0,215
0.364503,3.93995e-05,0,0.4965,-0.0499813,0,0.4365,-0.498558,0,0,0,0,0.00432,0.001,0,216
0.364513,3.8391e-05,0,0.45,-0.0509996,0,0.44475,-0.450224,0,0,0,0,0.00434,0.001,0,217
0.364521,3.73606e-05,0,0.405,-0.0519094,0,0.4515,-0.404812,0,0,0,0,0.00436,0.001,0,218
0.364529,3.63117e-05,0,0.3615,-0.0527091,0,0.45675,-0.362187,0,0,0,0,0.00438,0.001,0,219
0.364536,3.52537e-05,0,0.31875,-0.0534536,0,0.46125,-0.320956,0,0,0,0,0.0044,0.001,0,220
0.364541,3.41736e-05,0,0.2805,-0.0540299,0,0.4635,-0.283703,0,0,0,0,0.00442,0.001,0,221
0.36453,-3.4635e-08,0,0.165748,0.000294348,0,0.55425,-0.14142,0,0,0,0,0.01996,0.001,0,998
0.364526,-4.19606e-08,0,0.1455,0.00043384,0,0.552,-0.134866,0,0,0,0,0.01994,0.001,0,997
0.364547,3.30881e-05,0,0.24375,-0.0545499,0,0.4665,-0.247708,0,0,0,0,0.00444,0.001,0,222
0.364533,-3.04675e-08,0,0.1035,0.000148702,0,0.555,-0.145201,0,0,0,0,0.01998,0.001,0,999
0.364535,3.9464e-06,0,-0.11175,-0.033091,0,0.55875,0.111925,0,0,0,0,0.00504,0.001,0,252
0.364533,3.29837e-06,0,-0.1095,-0.0317047,0,0.55875,0.110737,0,0,0,0,0.00506,0.001,0,253
0.36453,2.68124e-06,0,-0.10725,-0.0303165,0,0.55875,0.109213,0,0,0,0,0.00508,0.001,0,254
0.364528,2.07957e-06,0,-0.105,-0.0289274,0,0.55875,0.107519,0,0,0,0,0.0051,0.001,0,255
0.364537,4.62512e-06,0,-0.1125,-0.0344688,0,0.55575,0.112709,0,0,0,0,0.00502,0.001,0,251
0.364526,1.52415e-06,0,-0.105,-0.0275448,0,0.55875,0.105412,0,0,0,0,0.00512,0.001,0,256
0.364502,-3.637e-06,0,-0.0749999,-0.0100774,0,0.57,0.0648754,0,0,0,0,0.0054,0.001,0,270
0.364518,-4.69072e-07,0,-0.09375,-0.0221041,0,0.5625,0.0954501,0,0,0,0,0.0052,0.001,0,260
0.364524,9.84027e-07,0,-0.10425,-0.0261672,0,0.55875,0.103194,0,0,0,0,0.00514,0.001,0,257
0.364509,-2.35479e-06,0,-0.0825,-0.015733,0,0.56625,0.0804512,0,0,0,0,0.0053,0.001,0,265
0.364516,-8.88971e-07,0,-0.0915,-0.0207907,0,0.5625,0.0925643,0,0,0,0,0.00522,0.001,0,261
0.364524,-5.23282e-08,0,0.123749,0.000553784,0,0.54975,-0.127217,0,0,0,0,0.01992,0.001,0,996
0.36452,-4.81492e-09,0,-0.09825,-0.0234481,0,0.56025,0.0981456,0,0,0,0,0.00518,0.001,0,259
0.364522,4.74527e-07,0,-0.102,-0.0247999,0,0.55875,0.100755,0,0,0,0,0.00516,0.001,0,258
0.364501,-3.8211e-06,0,-0.066,-0.00906008,0,0.57,0.0618524,0,0,0,0,0.00542,0.001,0,271
0.364511,-2.01995e-06,0,-0.0870001,-0.0169661,0,0.564,0.0835477,0,0,0,0,0.00528,0.001,0,264
0.364514,-1.29448e-06,0,-0.09,-0.0194897,0,0.5625,0.0896348,0,0,0,0,0.00524,0.001,0,262
0.364513,-1.67117e-06,0,-0.09,-0.0182135,0,0.5625,0.0866177,0,0,0,0,0.00526,0.001,0,263
0.364507,-2.64928e-06,0,-0.0735,-0.0145481,0,0.56625,0.0773204,0,0,0,0,0.00532,0.001,0,266
0.364504,-3.41801e-06,0,-0.0705,-0.0111536,0,0.56775,0.0679639,0,0,0,0,0.00538,0.001,0,269
0.364506,-2.93088e-06,0,-0.0675,-0.0133808,0,0.56625,0.0741912,0,0,0,0,0.00534,0.001,0,267
0.364499,-3.99422e-06,0,-0.0569999,-0.0080632,0,0.56925,0.0588589,0,0,0,0,0.00544,0.001,0,272
0.364539,5.31923e-06,0,-0.1125,-0.0358425,0,0.55125,0.113291,0,0,0,0,0.005,0.001,0,250
0.364505,-3.18672e-06,0,-0.0675,-0.0122485,0,0.56625,0.0710649,0,0,0,0,0.00536,0.001,0,268
0.364518,-9.36005e-08,0,0.1065,0.000734392,0,0.555,-0.103831,0,0,0,0,0.01986,0.001,0,993
0.364536,-2.788e-08,0,0,0,0,0.555,-0.147595,0,0,0,0,0.02,0.001,0,1000
0.364542,6.05883e-06,0,-0.11475,-0.0371931,0,0.549,0.113157,0,0,0,0,0.00498,0.001,0,249
0.36452,-7.88855e-08,0,0.10575,0.000707724,0,0.552,-0.111304,0,0,0,0,0.01988,0.001,0,994
0.364493,-4.63581e-06,0,-0.0405001,-0.00289511,0,0.56925,0.0422922,0,0,0,0,0.00556,0.001,0,278
0.364515,-1.08407e-07,0,0.09975,0.000726832,0,0.555,-0.0968481,0,0,0,0,0.01984,0.001,0,992
0.364544,6.81326e-06,0,-0.1155,-0.0385324,0,0.5475,0.112745,0,0,0,0,0.00496,0.001,0,248
0.364498,-4.14541e-06,0,-0.0480001,-0.00710714,0,0.567,0.0559244,0,0,0,0,0.00546,0.001,0,273
0.364546,7.59742e-06,0,-0.11325,-0.0398494,0,0.5475,0.111778,0,0,0,0,0.00494,0.001,0,247
0.364493,-4.68453e-06,0,-0.0345001,-0.00217152,0,0.5685,0.0398123,0,0,0,0,0.00558,0.001,0,279
0.364494,-4.57078e-06,0,-0.0495001,-0.00366111,0,0.567,0.0448657,0,0,0,0,0.00554,0.001,0,277
0.364514,-1.22787e-07,0,0.0914995,0.000709491,0,0.555,-0.0903575,0,0,0,0,0.01982,0.001,0,991
0.364522,-6.4215e-08,0,0.10125,0.000663938,0,0.5475,-0.119021,0,0,0,0,0.0199,0.001,0,995
0.364497,-4.27604e-06,0,-0.048,-0.00619287,0,0.56475,0.0530612,0,0,0,0,0.00548,0.001,0,274
0.364495,-4.48802e-06,0,-0.0525,-0.00446967,0,0.56475,0.0475276,0,0,0,0,0.00552,0.001,0,276
0.364548,8.4104e-06,0,-0.1095,-0.0411365,0,0.546,0.110168,0,0,0,0,0.00492,0.001,0,246
0.364492,-4.72509e-06,0,-0.03,-0.0014691,0,0.56625,0.037379,0,0,0,0,0.0056,0.001,0,280
0.364488,-4.6401e-06,0,-0.0285,0.0023237,0,0.56625,0.0230412,0,0,0,0,0.00574,0.001,0,287
0.364512,-1.36953e-07,0,0.0825,0.000687262,0,0.555,-0.0841141,0,0,0,0,0.0198,0.001,0,990
0.364496,-4.39639e-06,0,-0.0525,-0.0052995,0,0.5625,0.0502336,0,0,0,0,0.0055,0.001,0,275
0.364487,-4.58913e-06,0,-0.024,0.0027274,0,0.56625,0.0213417,0,0,0,0,0.00576,0.001,0,288
0.364488,-4.68149e-06,0,-0.03,0.00188271,0,0.56475,0.024837,0,0,0,0,0.00572,0.001,0,286
0.36451,-1.50277e-07,0,0.0779998,0.000661019,0,0.555,-0.0785598,0,0,0,0,0.01978,0.001,0,989
0.364491,-4.74329e-06,0,-0.03,-0.000829512,0,0.564,0.0350913,0,0,0,0,0.00562,0.001,0,281
0.364551,9.23778e-06,0,-0.105,-0.0424087,0,0.54375,0.108239,0,0,0,0,0.0049,0.001,0,245
0.364487,-4.5298e-06,0,-0.0195,0.0030955,0,0.56475,0.019736,0,0,0,0,0.00578,0.001,0,289
0.364491,-4.75473e-06,0,-0.03,-0.000210482,0,0.5625,0.0328528,0,0,0,0,0.00564,0.001,0,282
0.36449,-4.75266e-06,0,-0.03,0.00036742,0,0.5625,0.0307131,0,0,0,0,0.00566,0.001,0,283
0.36449,-4.73841e-06,0,-0.03,0.00090527,0,0.5625,0.0286723,0,0,0,0,0.00568,0.001,0,284
0.364509,-1.63299e-07,0,0.07425,0.000634139,0,0.55425,-0.0732142,0,0,0,0,0.01976,0.001,0,988
0.364489,-4.71809e-06,0,-0.03,0.00142309,0,0.5625,0.026681,0,0,0,0,0.0057,0.001,0,285
0.364553,1.01067e-05,0,-0.105,-0.0436245,0,0.5415,0.105209,0,0,0,0,0.00488,0.001,0,244
0.364487,-4.46629e-06,0,-0.015,0.0034458,0,0.5625,0.0181771,0,0,0,0,0.0058,0.001,0,290
0.364486,-4.39197e-06,0,-0.015,0.00374537,0,0.5625,0.0167538,0,0,0,0,0.00582,0.001,0,291
0.364486,-4.3146e-06,0,-0.015,0.00402894,0,0.5625,0.0153738,0,0,0,0,0.00584,0.001,0,292
0.364486,-4.23112e-06,0,-0.015,0.00428056,0,0.5625,0.0140803,0,0,0,0,0.00586,0.001,0,293
0.364485,-4.14256e-06,0,-0.015,0.00450221,0,0.5625,0.0128691,0,0,0,0,0.00588,0.001,0,294
0.364485,-4.05146e-06,0,-0.015,0.00470887,0,0.5625,0.0116991,0,0,0,0,0.0059,0.001,0,295
0.3645,-2.46549e-07,0,0.04125,0.000410917,0,0.55875,-0.0420626,0,0,0,0,0.0196,0.001,0,980
0.364484,-3.21692e-06,0,-0.00524996,0.00547838,0,0.56175,0.00484731,0,0,0,0,0.00606,0.001,0,303
0.364505,-1.98933e-07,0,0.06,0.000547457,0,0.555,-0.0593551,0,0,0,0,0.0197,0.001,0,985
0.364551,3.19916e-05,0,0.21,-0.0549576,0,0.471,-0.214223,0,0,0,0,0.00446,0.001,0,223
0.364484,-3.10708e-06,0,-0.00225001,0.00548907,0,0.561,0.00424322,0,0,0,0,0.00608,0.001,0,304
0.364555,1.09889e-05,0,-0.1035,-0.0448181,0,0.54,0.101763,0,0,0,0,0.00486,0.001,0,243
0.364507,-1.75715e-07,0,0.072,0.000605981,0,0.552,-0.0682847,0,0,0,0,0.01974,0.001,0,987
0.364485,-3.9542e-06,0,-0.0105,0.00487366,0,0.56025,0.0106456,0,0,0,0,0.00592,0.001,0,296
0.364506,-1.87486e-07,0,0.0667496,0.000576938,0,0.55275,-0.0637267,0,0,0,0,0.01972,0.001,0,986
0.364501,-2.37927e-07,0,0.0434999,0.000436148,0,0.5565,-0.0451187,0,0,0,0,0.01962,0.001,0,981
0.364484,-3.32644e-06,0,-0.00975004,0.00545005,0,0.5595,0.00550543,0,0,0,0,0.00604,0.001,0,302
0.364557,1.18973e-05,0,-0.099,-0.0459672,0,0.54,0.0974875,0,0,0,0,0.00484,0.001,0,242
0.364492,-3.17811e-07,0,0.015,0.000107417,0,0.55875,-0.016379,0,0,0,0,0.01932,0.001,0,966
0.364492,-3.19892e-07,0,0.0149998,8.67618e-05,0,0.55875,-0.0153002,0,0,0,0,0.0193,0.001,0,965
0.364492,-3.21281e-07,0,0.0127499,6.58867e-05,0,0.55875,-0.0143371,0,0,0,0,0.01928,0.001,0,964
0.364491,-3.22438e-07,0,0.01125,4.48979e-05,0,0.55875,-0.0134083,0,0,0,0,0.01926,0.001,0,963
0.364491,-3.23127e-07,0,0.01125,2.36796e-05,0,0.55875,-0.0125481,0,0,0,0,0.01924,0.001,0,962
0.364484,-3.54312e-06,0,-0.01125,0.00534431,0,0.55875,0.00696833,0,0,0,0,0.006,0.001,0,300
0.364484,-3.43501e-06,0,-0.01125,0.00540209,0,0.55875,0.00622222,0,0,0,0,0.00602,0.001,0,301
0.36449,-3.20055e-07,0,0.0105,-8.67432e-05,0,0.55875,-0.00901914,0,0,0,0,0.01914,0.001,0,957
0.364484,-3.85533e-06,0,-0.00674998,0.00502555,0,0.55875,0.00962878,0,0,0,0,0.00594,0.001,0,297
0.36449,-3.21557e-07,0,0.00825017,-6.40014e-05,0,0.55875,-0.00963227,0,0,0,0,0.01916,0.001,0,958
0.364484,-3.64878e-06,0,-0.00674998,0.00525391,0,0.55875,0.00780963,0,0,0,0,0.00598,0.001,0,299
0.364484,-3.75326e-06,0,-0.00450002,0.00515161,0,0.55875,0.00868507,0,0,0,0,0.00596,0.001,0,298
0.364488,-1.59283e-07,0,0.0075,-0.00066017,0,0.55875,-0.00232248,0,0,0,0,0.0187,0.001,0,935
0.364486,-1.55213e-07,0,0.0075,-0.00108291,0,0.55875,-0.000528739,0,0,0,0,0.0144,0.001,0,720
0.364488,3.43789e-08,0,0.00675004,-0.000935468,0,0.55875,-0.00137899,0,0,0,0,0.01846,0.001,0,923
0.364484,-2.99708e-06,0,0,0.00549094,0,0.55875,0.00366611,0,0,0,0,0.0061,0.001,0,305
0.364488,-1.72044e-07,0,0.00525013,-0.000633459,0,0.55875,-0.00245417,0,0,0,0,0.01872,0.001,0,936
0.364486,-1.77003e-07,0,0.00525002,-0.00108979,0,0.55875,-0.00053192,0,0,0,0,0.01442,0.001,0,721
0.364488,5.32796e-08,0,0.00449996,-0.000953116,0,0.55875,-0.00133605,0,0,0,0,0.01844,0.001,0,922
0.364493,-3.15501e-07,0,0.01575,0.000128042,0,0.558,-0.0175009,0,0,0,0,0.01934,0.001,0,967
0.364502,-2.29014e-07,0,0.0457498,0.000462109,0,0.55425,-0.0483033,0,0,0,0,0.01964,0.001,0,982
0.364503,-2.09384e-07,0,0.0532498,0.00051819,0,0.55275,-0.0554772,0,0,0,0,0.01968,0.001,0,984
0.364488,-1.84508e-07,0,0.003,-0.000606609,0,0.558,-0.00259183,0,0,0,0,0.01874,0.001,0,937
0.364487,-1.98858e-07,0,0.00300002,-0.00109598,0,0.558,-0.000535012,0,0,0,0,0.01444,0.001,0,722
0.364491,-3.2334e-07,0,0.01125,2.1735e-06,0,0.55725,-0.0117491,0,0,0,0,0.01922,0.001,0,961
0.36449,-3.1804e-07,0,0.01125,-0.000109897,0,0.55725,-0.00844972,0,0,0,0,0.01912,0.001,0,956
0.364491,-3.22561e-07,0,0.00899992,-4.16431e-05,0,0.55725,-0.0102943,0,0,0,0,0.01918,0.001,0,959
0.364488,1.5891e-08,0,0.00600008,-0.00091673,0,0.55725,-0.00142661,0,0,0,0,0.01848,0.001,0,924
0.364487,7.25525e-08,0,0.00225,-0.000969594,0,0.55725,-0.00129723,0,0,0,0,0.01842,0.001,0,921
0.364499,-2.54364e-07,0,0.0389999,0.000387242,0,0.55425,-0.0393463,0,0,0,0,0.01958,0.001,0,979
0.364496,-2.81806e-07,0,0.03,0.000296457,0,0.555,-0.029929,0,0,0,0,0.0195,0.001,0,975
0.364484,-2.88744e-06,0,0,0.00546913,0,0.5565,0.0031631,0,0,0,0,0.00612,0.001,0,306
0.364488,-1.45638e-07,0,0.00524992,-0.000686305,0,0.5565,-0.00220681,0,0,0,0,0.01868,0.001,0,934
0.364486,-1.33686e-07,0,0.00524996,-0.00107405,0,0.5565,-0.000525345,0,0,0,0,0.01438,0.001,0,719
0.364502,-2.19517e-07,0,0.048,0.000489538,0,0.552,-0.051745,0,0,0,0,0.01966,0.001,0,983
0.364493,-3.12735e-07,0,0.018,0.000148615,0,0.55575,-0.0187094,0,0,0,0,0.01936,0.001,0,968
0.364559,1.28305e-05,0,-0.093,-0.0470642,0,0.5385,0.0922768,0,0,0,0,0.00482,0.001,0,241
0.364494,-3.06059e-07,0,0.0224998,0.000189891,0,0.555,-0.0213694,0,0,0,0,0.0194,0.001,0,970
0.364488,-1.96371e-07,0,0.00075,-0.00057949,0,0.55575,-0.0027414,0,0,0,0,0.01876,0.001,0,938
0.364487,-2.20842e-07,0,0.000750084,-0.0011008,0,0.55575,-0.000537926,0,0,0,0,0.01446,0.001,0,723
0.364493,-3.09511e-07,0,0.0202499,0.00016924,0,0.555,-0.020015,0,0,0,0,0.01938,0.001,0,969
0.364491,-3.23315e-07,0,0.0112498,-1.94796e-05,0,0.555,-0.0109807,0,0,0,0,0.0192,0.001,0,960
0.36449,-3.1577e-07,0,0.01125,-0.00013326,0,0.555,-0.00790208,0,0,0,0,0.0191,0.001,0,955
0.36449,-3.1271e-07,0,0.00675,-0.000157263,0,0.555,-0.00741316,0,0,0,0,0.01908,0.001,0,954
0.364489,-2.9638e-07,0,0.0075,-0.00025647,0,0.555,-0.00571141,0,0,0,0,0.019,0.001,0,950
0.364489,-2.64217e-07,0,0.0075,-0.000388256,0,0.555,-0.00416083,0,0,0,0,0.0189,0.001,0,945
0.364489,-3.01083e-07,0,0.00524992,-0.000231195,0,0.555,-0.00610058,0,0,0,0,0.01902,0.001,0,951
0.364489,-3.09379e-07,0,0.00375,-0.000181483,0,0.555,-0.00694174,0,0,0,0,0.01906,0.001,0,953
0.364489,-2.90824e-07,0,0.00525,-0.000282329,0,0.555,-0.00536458,0,0,0,0,0.01898,0.001,0,949
0.364489,-3.05509e-07,0,0.00375,-0.00020613,0,0.555,-0.00650544,0,0,0,0,0.01904,0.001,0,952
0.364489,-2.71532e-07,0,0.00525013,-0.000361433,0,0.555,-0.00443551,0,0,0,0,0.01892,0.001,0,946
0.364489,-2.56002e-07,0,0.00525,-0.000415409,0,0.555,-0.0039168,0,0,0,0,0.01888,0.001,0,944
0.364489,-2.84978e-07,0,0.00375,-0.000308367,0,0.555,-0.00503039,0,0,0,0,0.01896,0.001,0,948
0.364484,-2.77817e-06,0,0,0.00544039,0,0.555,0.00268258,0,0,0,0,0.00614,0.001,0,307
0.364489,-2.78551e-07,0,0.00375,-0.000334753,0,0.555,-0.00472159,0,0,0,0,0.01894,0.001,0,947
0.364484,-2.66963e-06,0,0,0.00539775,0,0.555,0.00224703,0,0,0,0,0.00616,0.001,0,308
0.364484,-2.56225e-06,0,0,0.00534304,0,0.555,0.0018523,0,0,0,0,0.00618,0.001,0,309
0.364484,-2.45545e-06,0,0,0.00528229,0,0.555,0.001478,0,0,0,0,0.0062,0.001,0,310
0.364484,-2.35095e-06,0,0,0.00520586,0,0.555,0.00115894,0,0,0,0,0.00622,0.001,0,311
0.364484,-2.24739e-06,0,0,0.005125,0,0.555,0.000856407,0,0,0,0,0.00624,0.001,0,312
0.364484,-2.14569e-06,0,0,0.00503532,0,0.555,0.00058693,0,0,0,0,0.00626,0.001,0,313
0.364484,-2.04611e-06,0,0,0.00493835,0,0.555,0.000346936,0,0,0,0,0.00628,0.001,0,314
0.364484,-1.9476e-06,0,0,0.00483773,0,0.555,0.000121688,0,0,0,0,0.0063,0.001,0,315
0.364488,-2.47483e-07,0,0.00299983,-0.000442636,0,0.555,-0.00368195,0,0,0,0,0.01886,0.001,0,943
0.364484,-1.8526e-06,0,0,0.00472815,0,0.555,-6.42265e-05,0,0,0,0,0.00632,0.001,0,316
0.364484,-1.75887e-06,0,0,0.00461623,0,0.555,-0.000238543,0,0,0,0,0.00634,0.001,0,317
0.364484,-1.66766e-06,0,0,0.00449961,0,0.555,-0.000389654,0,0,0,0,0.00636,0.001,0,318
0.364484,-1.57911e-06,0,0,0.00437948,0,0.555,-0.000520408,0,0,0,0,0.00638,0.001,0,319
0.364484,-1.49189e-06,0,0,0.0042576,0,0.555,-0.000640987,0,0,0,0,0.0064,0.001,0,320
0.364484,-1.40881e-06,0,0,0.00413203,0,0.555,-0.00073488,0,0,0,0,0.00642,0.001,0,321
0.364488,-2.39312e-09,0,0.00375,-0.000897445,0,0.555,-0.00147658,0,0,0,0,0.0185,0.001,0,925
0.364484,-1.32714e-06,0,0,0.00400571,0,0.555,-0.000821054,0,0,0,0,0.00644,0.001,0,322
0.364487,-1.44963e-07,0,-0.00375,0.00143927,0,0.555,0.000308452,0,0,0,0,0.0162,0.001,0,810
0.364484,-1.24829e-06,0,0,0.00387791,0,0.555,-0.000891794,0,0,0,0,0.00646,0.001,0,323
0.364484,-1.17229e-06,0,0,0.00374949,0,0.555,-0.000949242,0,0,0,0,0.00648,0.001,0,324
0.364487,9.2959e-07,0,0.00375,-0.000189532,0,0.555,-0.000638036,0,0,0,0,0.0174,0.001,0,870
0.364486,3.87685e-07,0,0.00375,0.000176711,0,0.555,-0.00045378,0,0,0,0,0.0133,0.001,0,665
0.364484,-1.13691e-07,0,0.00375,0.000205756,0,0.555,-0.000346322,0,0,0,0,0.01,0.001,0,500
0.364484,-3.66552e-07,0,0.00299998,0.00206308,0,0.555,-0.000974812,0,0,0,0,0.00676,0.001,0,338
0.364484,-1.09773e-06,0,0,0.00362077,0,0.555,-0.00100004,0,0,0,0,0.0065,0.001,0,325
0.364488,-1.31707e-07,0,0.003,-0.000712189,0,0.555,-0.00209592,0,0,0,0,0.01866,0.001,0,933
0.364484,-1.02746e-06,0,0,0.00349222,0,0.555,-0.00103378,0,0,0,0,0.00652,0.001,0,326
0.364488,-2.38358e-07,0,0.000749958,-0.000470004,0,0.555,-0.00346548,0,0,0,0,0.01884,0.001,0,942
0.364484,-9.5862e-07,0,0,0.00336405,0,0.555,-0.00106271,0,0,0,0,0.00654,0.001,0,327
0.364484,-8.92627e-07,0,0,0.00323667,0,0.555,-0.00108202,0,0,0,0,0.00656,0.001,0,328
0.364488,-2.28623e-07,0,0,-0.00049742,0,0.555,-0.00326549,0,0,0,0,0.01882,0.001,0,941
0.364484,-8.29446e-07,0,0,0.00311064,0,0.555,-0.00109327,0,0,0,0,0.00658,0.001,0,329
0.364486,-1.12269e-07,0,0.00299994,-0.00106454,0,0.555,-0.000521898,0,0,0,0,0.01436,0.001,0,718
0.364484,-7.67671e-07,0,0,0.00298528,0,0.555,-0.00110049,0,0,0,0,0.0066,0.001,0,330
0.364488,-2.18583e-07,0,0,-0.000524857,0,0.555,-0.00307377,0,0,0,0,0.0188,0.001,0,940
0.364484,-7.10036e-07,0,0,0.0028627,0,0.555,-0.00109769,0,0,0,0,0.00662,0.001,0,331
0.364486,1.3403e-07,0,0.00300002,0.000130801,0,0.555,-0.000431149,0,0,0,0,0.01224,0.001,0,612
0.364487,-8.79047e-07,0,0.00299994,-0.000198142,0,0.555,-0.000330523,0,0,0,0,0.01526,0.001,0,763
0.364488,-2.0763e-07,0,0,-0.000552211,0,0.555,-0.00290427,0,0,0,0,0.01878,0.001,0,939
0.364484,-6.53744e-07,0,0,0.00274124,0,0.555,-0.00109216,0,0,0,0,0.00664,0.001,0,332
0.364484,-6.00141e-07,0,0,0.00262203,0,0.555,-0.00108116,0,0,0,0,0.00666,0.001,0,333
0.364484,-5.49148e-07,0,0,0.00250542,0,0.555,-0.00106579,0,0,0,0,0.00668,0.001,0,334
0.364487,5.34306e-07,0,0.00225,-0.00102442,0,0.555,-0.000953284,0,0,0,0,0.01798,0.001,0,899
0.364484,-4.99457e-07,0,0,0.00239009,0,0.555,-0.00104822,0,0,0,0,0.0067,0.001,0,335
0.364484,-4.53543e-07,0,0,0.00227904,0,0.555,-0.00102549,0,0,0,0,0.00672,0.001,0,336
0.364484,-4.08839e-07,0,0.000749969,0.00216953,0,0.555,-0.00100146,0,0,0,0,0.00674,0.001,0,337
0.364488,-2.00065e-08,0,0.00150013,-0.000876651,0,0.555,-0.00153451,0,0,0,0,0.01852,0.001,0,926
0.364484,-3.1764e-08,0,0.00225004,-0.000229833,0,0.555,-0.000426784,0,0,0,0,0.00898,0.001,0,449
0.364488,-1.17203e-07,0,0.00075,-0.000737576,0,0.555,-0.00199459,0,0,0,0,0.01864,0.001,0,932
0.364487,-1.16046e-07,0,-0.0015,0.00144596,0,0.555,0.000310584,0,0,0,0,0.01622,0.001,0,811
0.364488,-1.02142e-07,0,0,-0.000762357,0,0.555,-0.00190179,0,0,0,0,0.01862,0.001,0,931
0.364488,-8.68061e-08,0,0,-0.000786833,0,0.555,-0.00181326,0,0,0,0,0.0186,0.001,0,930
0.364488,-7.06691e-08,0,0,-0.000810236,0,0.555,-0.00173614,0,0,0,0,0.01858,0.001,0,929
0.364488,-5.42798e-08,0,0,-0.000833226,0,0.555,-0.00166242,0,0,0,0,0.01856,0.001,0,928
0.364488,-3.73811e-08,0,0,-0.000855398,0,0.555,-0.00159546,0,0,0,0,0.01854,0.001,0,927
0.364487,9.32686e-07,0,0.00149992,-0.00014746,0,0.555,-0.000619174,0,0,0,0,0.01738,0.001,0,869
0.364487,9.20125e-08,0,0,-0.000985488,0,0.555,-0.00126046,0,0,0,0,0.0184,0.001,0,920
0.364487,1.11973e-07,0,0,-0.000999527,0,0.555,-0.00122908,0,0,0,0,0.01838,0.001,0,919
0.364486,3.83891e-07,0,0.00149996,0.000191469,0,0.555,-0.00045536,0,0,0,0,0.01328,0.001,0,664
0.364487,1.32077e-07,0,0,-0.00101292,0,0.555,-0.00119927,0,0,0,0,0.01836,0.001,0,918
0.364484,-1.17635e-07,0,0.00149996,0.000195077,0,0.555,-0.000356501,0,0,0,0,0.00998,0.001,0,499
0.364487,1.52473e-07,0,0,-0.00102502,0,0.555,-0.00117258,0,0,0,0,0.01834,0.001,0,917
0.364487,1.93884e-07,0,0,-0.00104588,0,0.555,-0.00112595,0,0,0,0,0.0183,0.001,0,915
0.364487,1.73116e-07,0,0,-0.00103579,0,0.555,-0.00114859,0,0,0,0,0.01832,0.001,0,916
0.364487,2.36097e-07,0,0,-0.00106123,0,0.555,-0.00108862,0,0,0,0,0.01826,0.001,0,913
0.364487,2.14951e-07,0,0,-0.00105391,0,0.555,-0.00110679,0,0,0,0,0.01828,0.001,0,914
0.364487,2.78808e-07,0,0,-0.00107164,0,0.555,-0.0010579,0,0,0,0,0.01822,0.001,0,911
0.364487,2.57399e-07,0,0,-0.00106715,0,0.555,-0.00107243,0,0,0,0,0.01824,0.001,0,912
0.364487,-5.79673e-08,0,0,0.00145609,0,0.555,0.000313036,0,0,0,0,0.01626,0.001,0,813
0.364487,-2.88019e-08,0,0,0.00145871,0,0.555,0.000312879,0,0,0,0,0.01628,0.001,0,814
0.364487,3.99875e-10,0,0,0.00146051,0,0.555,0.000312256,0,0,0,0,0.0163,0.001,0,815
0.364487,2.96182e-08,0,0,0.00145986,0,0.555,0.000310209,0,0,0,0,0.01632,0.001,0,816
0.364487,5.88188e-08,0,0,0.0014584,0,0.555,0.000307681,0,0,0,0,0.01634,0.001,0,817
0.364487,8.79762e-08,0,0,0.0014553,0,0.555,0.000304193,0,0,0,0,0.01636,0.001,0,818
0.364487,3.21825e-07,0,0,-0.001077,0,0.555,-0.00103256,0,0,0,0,0.01818,0.001,0,909
0.364487,3.00274e-07,0,0,-0.00107541,0,0.555,-0.00104419,0,0,0,0,0.0182,0.001,0,910
0.364487,-8.70681e-08,0,0,0.00145184,0,0.555,0.000312262,0,0,0,0,0.01624,0.001,0,812
0.364487,1.17037e-07,0,0,0.00145059,0,0.555,0.000299736,0,0,0,0,0.01638,0.001,0,819
0.364487,1.46051e-07,0,0,0.00144507,0,0.555,0.000294795,0,0,0,0,0.0164,0.001,0,820
0.364487,3.86484e-07,0,0,-0.00107519,0,0.555,-0.0010025,0,0,0,0,0.01812,0.001,0,906
0.364487,3.64953e-07,0,0,-0.00107726,0,0.555,-0.00101155,0,0,0,0,0.01814,0.001,0,907
0.364487,3.43383e-07,0,0,-0.00107786,0,0.555,-0.00102149,0,0,0,0,0.01816,0.001,0,908
0.364487,1.74839e-07,0,0,0.00143713,0,0.555,0.000288399,0,0,0,0,0.01642,0.001,0,821
0.364487,2.03528e-07,0,0,0.0014284,0,0.555,0.000281519,0,0,0,0,0.01644,0.001,0,822
0.364487,4.29381e-07,0,0,-0.00106735,0,0.555,-0.000986325,0,0,0,0,0.01808,0.001,0,904
0.364487,4.07999e-07,0,0,-0.00107238,0,0.555,-0.000993901,0,0,0,0,0.0181,0.001,0,905
0.364487,2.32013e-07,0,0,0.00141807,0,0.555,0.000273676,0,0,0,0,0.01646,0.001,0,823
0.364487,4.50695e-07,0,0,-0.00106157,0,0.555,-0.000978998,0,0,0,0,0.01806,0.001,0,903
0.364487,2.6024e-07,0,0,0.00140617,0,0.555,0.000264879,0,0,0,0,0.01648,0.001,0,824
0.364487,4.92862e-07,0,0,-0.00104558,0,0.555,-0.000965676,0,0,0,0,0.01802,0.001,0,901
0.364487,4.71871e-07,0,0,-0.00105431,0,0.555,-0.000972172,0,0,0,0,0.01804,0.001,0,902
0.364487,2.88342e-07,0,0,0.00139348,0,0.555,0.000255604,0,0,0,0,0.0165,0.001,0,825
0.364487,3.15979e-07,0,0,0.00137846,0,0.555,0.000244924,0,0,0,0,0.01652,0.001,0,826
0.364487,5.13761e-07,0,0,-0.0010361,0,0.555,-0.000959344,0,0,0,0,0.018,0.001,0,900
0.364486,-9.10706e-08,0,0.000749958,-0.00105375,0,0.555,-0.000518346,0,0,0,0,0.01434,0.001,0,717
0.364487,3.43439e-07,0,0,0.00136268,0,0.555,0.000233787,0,0,0,0,0.01654,0.001,0,827
0.364487,3.70539e-07,0,0,0.00134537,0,0.555,0.00022174,0,0,0,0,0.01656,0.001,0,828
0.364487,3.9723e-07,0,0,0.00132657,0,0.555,0.000208811,0,0,0,0,0.01658,0.001,0,829
0.364487,4.23713e-07,0,0,0.00130702,0,0.555,0.000195442,0,0,0,0,0.0166,0.001,0,830
0.364487,4.49508e-07,0,0,0.00128529,0,0.555,0.000180803,0,0,0,0,0.01662,0.001,0,831
0.364487,6.52122e-07,0,0,-0.00092961,0,0.555,-0.000916168,0,0,0,0,0.01786,0.001,0,893
0.364487,4.75052e-07,0,0,0.00126285,0,0.555,0.000165759,0,0,0,0,0.01664,0.001,0,832
0.364487,6.70528e-07,0,0,-0.000909287,0,0.555,-0.000909369,0,0,0,0,0.01784,0.001,0,892
0.364484,-2.69706e-08,0,0,0.00108947,0,0.555,-0.000623421,0,0,0,0,0.00698,0.001,0,349
0.364487,6.8846e-07,0,0,-0.000887574,0,0.555,-0.000902212,0,0,0,0,0.01782,0.001,0,891
0.364487,-2.65024e-07,0,0,-0.00110692,0,0.555,-0.000543203,0,0,0,0,0.0145,0.001,0,725
0.364487,-2.87189e-07,0,0,-0.00110745,0,0.555,-0.000545401,0,0,0,0,0.01452,0.001,0,726
0.364487,-3.09348e-07,0,0,-0.00110724,0,0.555,-0.000547452,0,0,0,0,0.01454,0.001,0,727
0.364487,-3.31495e-07,0,0,-0.00110553,0,0.555,-0.000549209,0,0,0,0,0.01456,0.001,0,728
0.364487,-3.53578e-07,0,0,-0.00110232,0,0.555,-0.000550632,0,0,0,0,0.01458,0.001,0,729
0.364487,5.00086e-07,0,0,0.001239,0,0.555,0.000149913,0,0,0,0,0.01666,0.001,0,833
0.364487,7.06153e-07,0,0,-0.00086517,0,0.555,-0.000894877,0,0,0,0,0.0178,0.001,0,890
0.364487,-2.42912e-07,0,0,-0.00110421,0,0.555,-0.000540619,0,0,0,0,0.01448,0.001,0,724
0.364487,-3.7563e-07,0,0,-0.00109835,0,0.555,-0.000551887,0,0,0,0,0.0146,0.001,0,730
0.364487,-3.97512e-07,0,0,-0.00109207,0,0.555,-0.000552587,0,0,0,0,0.01462,0.001,0,731
0.364487,-4.19311e-07,0,0,-0.00108501,0,0.555,-0.000553084,0,0,0,0,0.01464,0.001,0,732
0.364487,-4.40945e-07,0,0,-0.00107639,0,0.555,-0.000553174,0,0,0,0,0.01466,0.001,0,733
0.364487,5.24571e-07,0,0,0.00121377,0,0.555,0.000133304,0,0,0,0,0.01668,0.001,0,834
0.364487,7.23066e-07,0,0,-0.00084073,0,0.555,-0.000886899,0,0,0,0,0.01778,0.001,0,889
0.364487,-4.62361e-07,0,0,-0.00106619,0,0.555,-0.000552824,0,0,0,0,0.01468,0.001,0,734
0.364487,-4.83667e-07,0,0,-0.00105521,0,0.555,-0.000552255,0,0,0,0,0.0147,0.001,0,735
0.364487,5.48776e-07,0,0,0.00118786,0,0.555,0.000116314,0,0,0,0,0.0167,0.001,0,835
0.364487,7.39697e-07,0,0,-0.00081563,0,0.555,-0.000878675,0,0,0,0,0.01776,0.001,0,888
0.364484,-5.46053e-09,0,0,0.00101798,0,0.555,-0.000591518,0,0,0,0,0.007,0.001,0,350
0.364487,-5.04569e-07,0,0,-0.00104184,0,0.555,-0.000550982,0,0,0,0,0.01472,0.001,0,736
0.364487,7.55761e-07,0,0,-0.000789217,0,0.555,-0.000869961,0,0,0,0,0.01774,0.001,0,887
0.364486,-4.93257e-08,0,0,-0.00102909,0,0.555,-0.000511077,0,0,0,0,0.0143,0.001,0,715
0.364486,-7.01336e-08,0,0,-0.00104173,0,0.555,-0.000514728,0,0,0,0,0.01432,0.001,0,716
0.364487,-5.25308e-07,0,0,-0.00102767,0,0.555,-0.000549458,0,0,0,0,0.01474,0.001,0,737
0.364487,-5.45724e-07,0,0,-0.00101192,0,0.555,-0.000547433,0,0,0,0,0.01476,0.001,0,738
0.364487,5.72084e-07,0,0,0.00115997,0,0.555,9.8263e-05,0,0,0,0,0.01672,0.001,0,836
0.364487,7.71217e-07,0,0,-0.000761526,0,0.555,-0.000860705,0,0,0,0,0.01772,0.001,0,886
0.364486,-2.8969e-08,0,0,-0.0010147,0,0.555,-0.000507377,0,0,0,0,0.01428,0.001,0,714
0.364487,-5.65763e-07,0,0,-0.000994577,0,0.555,-0.000544881,0,0,0,0,0.01478,0.001,0,739
0.364487,5.95072e-07,0,0,0.00113144,0,0.555,7.98851e-05,0,0,0,0,0.01674,0.001,0,837
0.364484,1.37483e-08,0,0,0.000951286,0,0.555,-0.000560731,0,0,0,0,0.00702,0.001,0,351
0.364486,1.10653e-08,0,0,-0.000983654,0,0.555,-0.000499979,0,0,0,0,0.01424,0.001,0,712
0.364486,-8.78211e-09,0,0,-0.000999736,0,0.555,-0.000503678,0,0,0,0,0.01426,0.001,0,713
0.364487,-5.85615e-07,0,0,-0.00097644,0,0.555,-0.000542066,0,0,0,0,0.0148,0.001,0,740
0.364487,6.17417e-07,0,0,0.00110166,0,0.555,6.08579e-05,0,0,0,0,0.01676,0.001,0,838
0.364487,7.86368e-07,0,0,-0.0007332,0,0.555,-0.000851179,0,0,0,0,0.0177,0.001,0,885
0.364486,3.05375e-08,0,0,-0.000966502,0,0.555,-0.000496306,0,0,0,0,0.01422,0.001,0,711
0.364487,-6.04821e-07,0,0,-0.000955927,0,0.555,-0.000538437,0,0,0,0,0.01482,0.001,0,741
0.364487,8.00544e-07,0,0,-0.000703036,0,0.555,-0.000840782,0,0,0,0,0.01768,0.001,0,884
0.364486,4.98211e-08,0,0,-0.000948815,0,0.555,-0.000492647,0,0,0,0,0.0142,0.001,0,710
0.364487,-6.23786e-07,0,0,-0.000934632,0,0.555,-0.000534524,0,0,0,0,0.01484,0.001,0,742
0.364487,6.39083e-07,0,0,0.00107067,0,0.555,4.12342e-05,0,0,0,0,0.01678,0.001,0,839
0.364487,8.14375e-07,0,0,-0.000672284,0,0.555,-0.00083008,0,0,0,0,0.01766,0.001,0,883
0.364486,6.84899e-08,0,0,-0.000929595,0,0.555,-0.000489063,0,0,0,0,0.01418,0.001,0,709
0.364487,-6.4227e-07,0,0,-0.000911772,0,0.555,-0.000530042,0,0,0,0,0.01486,0.001,0,743
0.364487,6.60405e-07,0,0,0.00103908,0,0.555,2.1315e-05,0,0,0,0,0.0168,0.001,0,840
0.364487,8.27516e-07,0,0,-0.000640363,0,0.555,-0.000818769,0,0,0,0,0.01764,0.001,0,882
0.364484,3.22424e-08,0,0,0.000886153,0,0.555,-0.000530389,0,0,0,0,0.00704,0.001,0,352
0.364486,1.04939e-07,0,0,-0.000889225,0,0.555,-0.000482042,0,0,0,0,0.01414,0.001,0,707
0.364486,8.69366e-08,0,0,-0.000909893,0,0.555,-0.000485516,0,0,0,0,0.01416,0.001,0,708
0.364487,-6.60219e-07,0,0,-0.00088737,0,0.555,-0.000524975,0,0,0,0,0.01488,0.001,0,744
0.364486,1.22467e-07,0,0,-0.000867654,0,0.555,-0.000478661,0,0,0,0,0.01412,0.001,0,706
0.364487,-6.77902e-07,0,0,-0.000862196,0,0.555,-0.000519615,0,0,0,0,0.0149,0.001,0,745
0.364487,6.80647e-07,0,0,0.00100578,0,0.555,6.00728e-07,0,0,0,0,0.01682,0.001,0,841
0.364484,4.93067e-08,0,0,0.000824134,0,0.555,-0.000500941,0,0,0,0,0.00706,0.001,0,353
0.364486,1.39758e-07,0,0,-0.000845632,0,0.555,-0.000475327,0,0,0,0,0.0141,0.001,0,705
0.364487,-6.94707e-07,0,0,-0.000834756,0,0.555,-0.000513371,0,0,0,0,0.01492,0.001,0,746
0.364487,7.00507e-07,0,0,0.000971954,0,0.555,-2.03449e-05,0,0,0,0,0.01684,0.001,0,842
0.364486,1.56292e-07,0,0,-0.000822361,0,0.555,-0.000472171,0,0,0,0,0.01408,0.001,0,704
0.364487,-7.11195e-07,0,0,-0.000806579,0,0.555,-0.000506827,0,0,0,0,0.01494,0.001,0,747
0.364487,7.19609e-07,0,0,0.000937063,0,0.555,-4.17569e-05,0,0,0,0,0.01686,0.001,0,843
0.364486,1.72562e-07,0,0,-0.000798706,0,0.555,-0.000469081,0,0,0,0,0.01406,0.001,0,703
0.364487,-7.27048e-07,0,0,-0.000776928,0,0.555,-0.000499681,0,0,0,0,0.01496,0.001,0,748
0.364484,6.50442e-08,0,0,0.000765115,0,0.555,-0.000472495,0,0,0,0,0.00708,0.001,0,354
0.364486,1.36691e-07,0,0.000750084,0.000135517,0,0.555,-0.000434257,0,0,0,0,0.01226,0.001,0,613
0.364486,2.03485e-07,0,0,-0.000749171,0,0.555,-0.000463312,0,0,0,0,0.01402,0.001,0,701
0.364486,1.88301e-07,0,0,-0.000774284,0,0.555,-0.000466124,0,0,0,0,0.01404,0.001,0,702
0.364487,-7.42218e-07,0,0,-0.000745852,0,0.555,-0.000491936,0,0,0,0,0.01498,0.001,0,749
0.364487,7.37921e-07,0,0,0.000901175,0,0.555,-6.35708e-05,0,0,0,0,0.01688,0.001,0,844
0.364486,2.18392e-07,0,0,-0.000723711,0,0.555,-0.000460571,0,0,0,0,0.014,0.001,0,700
0.364487,-7.57047e-07,0,0,-0.000714064,0,0.555,-0.000483893,0,0,0,0,0.015,0.001,0,750
0.364487,-8.74628e-07,0,0.000749958,-0.000242932,0,0.555,-0.000345063,0,0,0,0,0.01524,0.001,0,762
0.364487,7.55835e-07,0,0,0.000864795,0,0.555,-8.55825e-05,0,0,0,0,0.0169,0.001,0,845
0.364484,8.0118e-08,0,0,0.000707596,0,0.555,-0.00044455,0,0,0,0,0.0071,0.001,0,355
0.364486,2.32434e-07,0,0,-0.000697328,0,0.555,-0.000458076,0,0,0,0,0.01398,0.001,0,699
0.364487,-7.70781e-07,0,0,-0.000680222,0,0.555,-0.000474951,0,0,0,0,0.01502,0.001,0,751
0.364487,7.72513e-07,0,0,0.000827045,0,0.555,-0.000108086,0,0,0,0,0.01692,0.001,0,846
0.364486,2.46177e-07,0,0,-0.000670676,0,0.555,-0.000455664,0,0,0,0,0.01396,0.001,0,698
0.364487,-7.84128e-07,0,0,-0.000645726,0,0.555,-0.000465712,0,0,0,0,0.01504,0.001,0,752
0.364487,7.88763e-07,0,0,0.000788884,0,0.555,-0.000130715,0,0,0,0,0.01694,0.001,0,847
0.364484,9.33478e-08,0,0,0.000654393,0,0.555,-0.00041823,0,0,0,0,0.00712,0.001,0,356
0.364486,2.7186e-07,0,0,-0.000615832,0,0.555,-0.000451342,0,0,0,0,0.01392,0.001,0,696
0.364486,2.59325e-07,0,0,-0.000643482,0,0.555,-0.000453418,0,0,0,0,0.01394,0.001,0,697
0.364487,-7.96701e-07,0,0,-0.000609921,0,0.555,-0.000455877,0,0,0,0,0.01506,0.001,0,753
0.364487,8.0416e-07,0,0,0.000749891,0,0.555,-0.000153601,0,0,0,0,0.01696,0.001,0,848
0.364486,2.84089e-07,0,0,-0.000587955,0,0.555,-0.000449351,0,0,0,0,0.0139,0.001,0,695
0.364487,-8.08456e-07,0,0,-0.000572885,0,0.555,-0.000445464,0,0,0,0,0.01508,0.001,0,754
0.364487,8.18678e-07,0,0,0.000710148,0,0.555,-0.000176676,0,0,0,0,0.01698,0.001,0,849
0.364484,1.0601e-07,0,0,0.000602563,0,0.555,-0.000392477,0,0,0,0,0.00714,0.001,0,357
0.364486,3.0635e-07,0,0,-0.000530936,0,0.555,-0.000445983,0,0,0,0,0.01386,0.001,0,693
0.364486,2.95379e-07,0,0,-0.000559517,0,0.555,-0.000447623,0,0,0,0,0.01388,0.001,0,694
0.364487,-8.19802e-07,0,0,-0.000535232,0,0.555,-0.00043476,0,0,0,0,0.0151,0.001,0,755
0.364487,8.32755e-07,0,0,0.000670035,0,0.555,-0.000199843,0,0,0,0,0.017,0.001,0,850
0.364484,1.17537e-07,0,0,0.000553481,0,0.555,-0.000367858,0,0,0,0,0.00716,0.001,0,358
0.364486,3.16682e-07,0,0,-0.000502072,0,0.555,-0.000444518,0,0,0,0,0.01384,0.001,0,692
0.364487,-8.29865e-07,0,0,-0.000495856,0,0.555,-0.000423211,0,0,0,0,0.01512,0.001,0,756
0.364487,8.4548e-07,0,0,0.000628942,0,0.555,-0.000223184,0,0,0,0,0.01702,0.001,0,851
0.364484,1.28018e-07,0,0,0.000507024,0,0.555,-0.000344398,0,0,0,0,0.00718,0.001,0,359
0.364486,3.35735e-07,0,0,-0.000443858,0,0.555,-0.000442016,0,0,0,0,0.0138,0.001,0,690
0.364486,3.2637e-07,0,0,-0.000473013,0,0.555,-0.000443225,0,0,0,0,0.01382,0.001,0,691
0.364487,-8.3948e-07,0,0,-0.000455952,0,0.555,-0.000411391,0,0,0,0,0.01514,0.001,0,757
0.364487,8.57742e-07,0,0,0.000587574,0,0.555,-0.000246545,0,0,0,0,0.01704,0.001,0,852
0.364486,3.52188e-07,0,0,-0.000385254,0,0.555,-0.000440192,0,0,0,0,0.01376,0.001,0,688
0.364486,3.44124e-07,0,0,-0.000414555,0,0.555,-0.000441062,0,0,0,0,0.01378,0.001,0,689
0.364487,-8.48203e-07,0,0,-0.000414993,0,0.555,-0.000399029,0,0,0,0,0.01516,0.001,0,758
0.364487,8.69081e-07,0,0,0.000545646,0,0.555,-0.00026995,0,0,0,0,0.01706,0.001,0,853
0.364487,8.79478e-07,0,0,0.000503254,0,0.555,-0.000293331,0,0,0,0,0.01708,0.001,0,854
0.364487,9.36991e-07,0,0,-6.24172e-05,0,0.555,-0.000580377,0,0,0,0,0.01734,0.001,0,867
0.364487,9.3531e-07,0,0,-0.000105167,0,0.555,-0.000600045,0,0,0,0,0.01736,0.001,0,868
0.364484,1.37976e-07,0,0,0.000461876,0,0.555,-0.000321517,0,0,0,0,0.0072,0.001,0,360
0.364484,-6.43558e-08,0,0,-0.00023227,0,0.555,-0.00047153,0,0,0,0,0.00912,0.001,0,456
0.364484,-6.89955e-08,0,0,-0.000230993,0,0.555,-0.000476955,0,0,0,0,0.00914,0.001,0,457
0.364484,-7.36042e-08,0,0,-0.000229184,0,0.555,-0.000482063,0,0,0,0,0.00916,0.001,0,458
0.364484,-7.81635e-08,0,0,-0.000226812,0,0.555,-0.000486829,0,0,0,0,0.00918,0.001,0,459
0.364484,-8.26981e-08,0,0,-0.000224159,0,0.555,-0.000491424,0,0,0,0,0.0092,0.001,0,460
0.364484,-8.71297e-08,0,0,-0.000220622,0,0.555,-0.000495471,0,0,0,0,0.00922,0.001,0,461
0.364484,-9.15171e-08,0,0,-0.000216781,0,0.555,-0.000499324,0,0,0,0,0.00924,0.001,0,462
0.364484,-9.58159e-08,0,0,-0.000212335,0,0.555,-0.00050279,0,0,0,0,0.00926,0.001,0,463
0.364484,-1.00006e-07,0,0,-0.000207268,0,0.555,-0.000505847,0,0,0,0,0.00928,0.001,0,464
0.364484,-1.04141e-07,0,0,-0.000201893,0,0.555,-0.000508701,0,0,0,0,0.0093,0.001,0,465
0.364484,-1.08082e-07,0,0,-0.000195576,0,0.555,-0.000510913,0,0,0,0,0.00932,0.001,0,466
0.364484,-1.11946e-07,0,0,-0.000188947,0,0.555,-0.000512902,0,0,0,0,0.00934,0.001,0,467
0.364484,-1.15661e-07,0,0,-0.000181694,0,0.555,-0.000514445,0,0,0,0,0.00936,0.001,0,468
0.364484,-1.19203e-07,0,0,-0.000173828,0,0.555,-0.000515528,0,0,0,0,0.00938,0.001,0,469
0.364484,-1.2266e-07,0,0,-0.000165656,0,0.555,-0.000516381,0,0,0,0,0.0094,0.001,0,470
0.364484,-1.2583e-07,0,0,-0.000156591,0,0.555,-0.000516522,0,0,0,0,0.00942,0.001,0,471
0.364484,-1.28893e-07,0,0,-0.000147242,0,0.555,-0.000516419,0,0,0,0,0.00944,0.001,0,472
0.364484,-1.31746e-07,0,0,-0.000137327,0,0.555,-0.000515829,0,0,0,0,0.00946,0.001,0,473
0.364484,-1.34369e-07,0,0,-0.000126877,0,0.555,-0.000514749,0,0,0,0,0.00948,0.001,0,474
0.364484,-1.36877e-07,0,0,-0.00011616,0,0.555,-0.000513424,0,0,0,0,0.0095,0.001,0,475
0.364486,1.94054e-07,0,0,0.000226894,0,0.555,-0.000471913,0,0,0,0,0.01258,0.001,0,629
0.364486,1.98613e-07,0,0,0.000233036,0,0.555,-0.000473464,0,0,0,0,0.0126,0.001,0,630
0.364486,2.03376e-07,0,0,0.000239069,0,0.555,-0.000474814,0,0,0,0,0.01262,0.001,0,631
0.364486,2.08204e-07,0,0,0.00024504,0,0.555,-0.000476095,0,0,0,0,0.01264,0.001,0,632
0.364486,2.13165e-07,0,0,0.00025089,0,0.555,-0.000477241,0,0,0,0,0.01266,0.001,0,633
0.364486,2.18254e-07,0,0,0.000256569,0,0.555,-0.00047824,0,0,0,0,0.01268,0.001,0,634
0.364486,2.23407e-07,0,0,0.000262163,0,0.555,-0.000479168,0,0,0,0,0.0127,0.001,0,635
0.364486,2.28741e-07,0,0,0.000267414,0,0.555,-0.000479869,0,0,0,0,0.01272,0.001,0,636
0.364486,2.34131e-07,0,0,0.000272521,0,0.555,-0.000480496,0,0,0,0,0.01274,0.001,0,637
0.364486,2.39633e-07,0,0,0.000277341,0,0.555,-0.000480973,0,0,0,0,0.01276,0.001,0,638
0.364486,2.45238e-07,0,0,0.000281806,0,0.555,-0.000481296,0,0,0,0,0.01278,0.001,0,639
0.364486,2.50893e-07,0,0,0.000286095,0,0.555,-0.000481541,0,0,0,0,0.0128,0.001,0,640
0.364486,2.56682e-07,0,0,0.000289753,0,0.555,-0.000481557,0,0,0,0,0.01282,0.001,0,641
0.364486,2.62507e-07,0,0,0.000293171,0,0.555,-0.000481496,0,0,0,0,0.01284,0.001,0,642
0.364486,2.68406e-07,0,0,0.000296108,0,0.555,-0.00048128,0,0,0,0,0.01286,0.001,0,643
0.364486,2.74362e-07,0,0,0.000298492,0,0.555,-0.000480915,0,0,0,0,0.01288,0.001,0,644
0.364486,2.80346e-07,0,0,0.0003006,0,0.555,-0.000480476,0,0,0,0,0.0129,0.001,0,645
0.364486,2.86386e-07,0,0,0.000301768,0,0.555,-0.000479831,0,0,0,0,0.01292,0.001,0,646
0.364486,2.92433e-07,0,0,0.000302586,0,0.555,-0.000479118,0,0,0,0,0.01294,0.001,0,647
0.364486,2.98496e-07,0,0,0.000302705,0,0.555,-0.000478272,0,0,0,0,0.01296,0.001,0,648
0.364486,3.04548e-07,0,0,0.000302058,0,0.555,-0.000477307,0,0,0,0,0.01298,0.001,0,649
0.364486,3.10595e-07,0,0,0.000301028,0,0.555,-0.000476284,0,0,0,0,0.013,0.001,0,650
0.364486,3.16589e-07,0,0,0.000298753,0,0.555,-0.0004751,0,0,0,0,0.01302,0.001,0,651
0.364486,3.2255e-07,0,0,0.000296031,0,0.555,-0.00047387,0,0,0,0,0.01304,0.001,0,652
0.364486,3.28446e-07,0,0,0.000292415,0,0.555,-0.000472547,0,0,0,0,0.01306,0.001,0,653
0.364486,3.34246e-07,0,0,0.000287846,0,0.555,-0.000471151,0,0,0,0,0.01308,0.001,0,654
0.364486,3.39999e-07,0,0,0.000282799,0,0.555,-0.000469717,0,0,0,0,0.0131,0.001,0,655
0.364486,3.45558e-07,0,0,0.000276247,0,0.555,-0.000468192,0,0,0,0,0.01312,0.001,0,656
0.364486,3.51037e-07,0,0,0.000269171,0,0.555,-0.000466646,0,0,0,0,0.01314,0.001,0,657
0.364486,3.56352e-07,0,0,0.000261049,0,0.555,-0.000465057,0,0,0,0,0.01316,0.001,0,658
0.364486,3.61469e-07,0,0,0.000251846,0,0.555,-0.000463446,0,0,0,0,0.01318,0.001,0,659
0.364486,3.72796e-07,0,0,-0.000297611,0,0.555,-0.000438484,0,0,0,0,0.0137,0.001,0,685
0.364486,3.6636e-07,0,0,-0.000326757,0,0.555,-0.000438947,0,0,0,0,0.01372,0.001,0,686
0.364486,3.59599e-07,0,0,-0.000355955,0,0.555,-0.00043949,0,0,0,0,0.01374,0.001,0,687
0.364487,-8.55998e-07,0,0,-0.000373072,0,0.555,-0.000386152,0,0,0,0,0.01518,0.001,0,759
0.364487,8.89406e-07,0,0,0.000460628,0,0.555,-0.0003167,0,0,0,0,0.0171,0.001,0,855
0.364487,8.97904e-07,0,0,0.000417439,0,0.555,-0.000339931,0,0,0,0,0.01712,0.001,0,856
0.364487,9.36757e-07,0,0,6.75916e-05,0,0.555,-0.000518702,0,0,0,0,0.01728,0.001,0,864
0.364487,9.37961e-07,0,0,2.39513e-05,0,0.555,-0.000539794,0,0,0,0,0.0173,0.001,0,865
0.364487,9.37715e-07,0,0,-1.93207e-05,0,0.555,-0.00056021,0,0,0,0,0.01732,0.001,0,866
0.364484,1.46493e-07,0,0,0.000420447,0,0.555,-0.000300399,0,0,0,0,0.00722,0.001,0,361
0.364484,-3.637e-08,0,0,-0.000231374,0,0.555,-0.000433892,0,0,0,0,0.009,0.001,0,450
0.364484,-4.1019e-08,0,0,-0.000232385,0,0.555,-0.000440677,0,0,0,0,0.00902,0.001,0,451
0.364484,-4.56762e-08,0,0,-0.000233194,0,0.555,-0.000447342,0,0,0,0,0.00904,0.001,0,452
0.364484,-5.03496e-08,0,0,-0.000233598,0,0.555,-0.000453766,0,0,0,0,0.00906,0.001,0,453
0.364484,-5.50247e-08,0,0,-0.000233553,0,0.555,-0.000459923,0,0,0,0,0.00908,0.001,0,454
0.364484,-5.97005e-08,0,0,-0.000233282,0,0.555,-0.000465945,0,0,0,0,0.0091,0.001,0,455
0.364484,-1.39015e-07,0,0,-0.000104699,0,0.555,-0.000511352,0,0,0,0,0.00952,0.001,0,476
0.364484,-1.41022e-07,0,0,-9.30159e-05,0,0.555,-0.00050903,0,0,0,0,0.00954,0.001,0,477
0.364484,-1.42766e-07,0,0,-8.08904e-05,0,0.555,-0.000506208,0,0,0,0,0.00956,0.001,0,478
0.364484,-1.44234e-07,0,0,-6.83802e-05,0,0.555,-0.000502893,0,0,0,0,0.00958,0.001,0,479
0.364484,-1.45564e-07,0,0,-5.56768e-05,0,0.555,-0.000499331,0,0,0,0,0.0096,0.001,0,480
0.364484,-1.46461e-07,0,0,-4.24849e-05,0,0.555,-0.000495034,0,0,0,0,0.00962,0.001,0,481
0.364484,-1.4721e-07,0,0,-2.91654e-05,0,0.555,-0.000490494,0,0,0,0,0.00964,0.001,0,482
0.364484,-1.4766e-07,0,0,-1.55909e-05,0,0.555,-0.00048547,0,0,0,0,0.00966,0.001,0,483
0.364484,-1.47805e-07,0,0,-1.83512e-06,0,0.555,-0.00047998,0,0,0,0,0.00968,0.001,0,484
0.364484,-1.47797e-07,0,0,1.20106e-05,0,0.555,-0.000474259,0,0,0,0,0.0097,0.001,0,485
0.364486,1.51492e-07,0,0,0.000161228,0,0.555,-0.000448503,0,0,0,0,0.01236,0.001,0,618
0.364486,1.54783e-07,0,0,0.000166791,0,0.555,-0.000451087,0,0,0,0,0.01238,0.001,0,619
0.364486,1.58136e-07,0,0,0.000172425,0,0.555,-0.000453622,0,0,0,0,0.0124,0.001,0,620
0.364486,1.6168e-07,0,0,0.000178241,0,0.555,-0.000456014,0,0,0,0,0.01242,0.001,0,621
0.364486,1.6529e-07,0,0,0.00018411,0,0.555,-0.000458355,0,0,0,0,0.01244,0.001,0,622
0.364486,1.69031e-07,0,0,0.000190084,0,0.555,-0.000460594,0,0,0,0,0.01246,0.001,0,623
0.364486,1.72906e-07,0,0,0.000196139,0,0.555,-0.000462726,0,0,0,0,0.01248,0.001,0,624
0.364486,1.76848e-07,0,0,0.000202233,0,0.555,-0.000464805,0,0,0,0,0.0125,0.001,0,625
0.364486,1.80995e-07,0,0,0.000208394,0,0.555,-0.000466715,0,0,0,0,0.01252,0.001,0,626
0.364486,1.85211e-07,0,0,0.000214561,0,0.555,-0.000468567,0,0,0,0,0.01254,0.001,0,627
0.364486,1.89564e-07,0,0,0.000220739,0,0.555,-0.000470302,0,0,0,0,0.01256,0.001,0,628
0.364486,3.66487e-07,0,0,0.000242104,0,0.555,-0.000461824,0,0,0,0,0.0132,0.001,0,660
0.364486,3.71154e-07,0,0,0.000230705,0,0.555,-0.000460192,0,0,0,0,0.01322,0.001,0,661
0.364486,3.75684e-07,0,0,0.000218747,0,0.555,-0.000458567,0,0,0,0,0.01324,0.001,0,662
0.364486,3.79942e-07,0,0,0.000205668,0,0.555,-0.000456951,0,0,0,0,0.01326,0.001,0,663
0.364486,3.91818e-07,0,0,-0.000183748,0,0.555,-0.000438202,0,0,0,0,0.01362,0.001,0,681
0.364486,3.87929e-07,0,0,-0.000211715,0,0.555,-0.000438076,0,0,0,0,0.01364,0.001,0,682
0.364486,3.83415e-07,0,0,-0.000240091,0,0.555,-0.000438089,0,0,0,0,0.01366,0.001,0,683
0.364486,3.78265e-07,0,0,-0.000268775,0,0.555,-0.00043825,0,0,0,0,0.01368,0.001,0,684
0.364487,-8.63329e-07,0,0,-0.000330673,0,0.555,-0.000373017,0,0,0,0,0.0152,0.001,0,760
0.364487,9.05918e-07,0,0,0.000374123,0,0.555,-0.000363078,0,0,0,0,0.01714,0.001,0,857
0.364487,9.12967e-07,0,0,0.000330539,0,0.555,-0.00038606,0,0,0,0,0.01716,0.001,0,858
0.364487,9.19044e-07,0,0,0.000286799,0,0.555,-0.000408815,0,0,0,0,0.01718,0.001,0,859
0.364487,9.24635e-07,0,0,0.000242978,0,0.555,-0.000431458,0,0,0,0,0.0172,0.001,0,860
0.364487,9.28763e-07,0,0,0.000199056,0,0.555,-0.000453677,0,0,0,0,0.01722,0.001,0,861
0.364487,9.32403e-07,0,0,0.000155159,0,0.555,-0.000475718,0,0,0,0,0.01724,0.001,0,862
0.364487,9.35067e-07,0,0,0.000111301,0,0.555,-0.000497411,0,0,0,0,0.01726,0.001,0,863
0.364484,1.5457e-07,0,0,0.000380191,0,0.555,-0.000279866,0,0,0,0,0.00724,0.001,0,362
0.364484,1.61766e-07,0,0,0.000342278,0,0.555,-0.000260502,0,0,0,0,0.00726,0.001,0,363
0.364484,-1.47324e-07,0,0,2.60081e-05,0,0.555,-0.000467867,0,0,0,0,0.00972,0.001,0,486
0.364484,-1.46696e-07,0,0,4.00139e-05,0,0.555,-0.000461261,0,0,0,0,0.00974,0.001,0,487
0.364484,-1.45755e-07,0,0,5.40361e-05,0,0.555,-0.000454227,0,0,0,0,0.00976,0.001,0,488
0.364484,-1.44503e-07,0,0,6.79906e-05,0,0.555,-0.000446794,0,0,0,0,0.00978,0.001,0,489
0.364484,-1.43095e-07,0,0,8.19112e-05,0,0.555,-0.000439163,0,0,0,0,0.0098,0.001,0,490
0.364484,-1.41226e-07,0,0,9.56044e-05,0,0.555,-0.00043097,0,0,0,0,0.00982,0.001,0,491
0.364484,-1.39207e-07,0,0,0.000109179,0,0.555,-0.000422607,0,0,0,0,0.00984,0.001,0,492
0.364484,-1.36887e-07,0,0,0.000122517,0,0.555,-0.000413902,0,0,0,0,0.00986,0.001,0,493
0.364484,-1.34274e-07,0,0,0.000135529,0,0.555,-0.000404894,0,0,0,0,0.00988,0.001,0,494
0.364484,-1.31516e-07,0,0,0.000148376,0,0.555,-0.000395734,0,0,0,0,0.0099,0.001,0,495
0.364484,-1.28339e-07,0,0,0.000160612,0,0.555,-0.000386171,0,0,0,0,0.00992,0.001,0,496
0.364486,1.39459e-07,0,0,0.000140392,0,0.555,-0.000437266,0,0,0,0,0.01228,0.001,0,614
0.364486,1.42282e-07,0,0,0.000145346,0,0.555,-0.000440228,0,0,0,0,0.0123,0.001,0,615
0.364486,1.45273e-07,0,0,0.000150537,0,0.555,-0.000443049,0,0,0,0,0.01232,0.001,0,616
0.364486,1.48324e-07,0,0,0.000155805,0,0.555,-0.000445823,0,0,0,0,0.01234,0.001,0,617
0.364486,4.04446e-07,0,0,-2.03836e-06,0,0.555,-0.000442223,0,0,0,0,0.01348,0.001,0,674
0.364486,4.04337e-07,0,0,-2.58701e-05,0,0.555,-0.0004413,0,0,0,0,0.0135,0.001,0,675
0.364486,4.03411e-07,0,0,-5.08861e-05,0,0.555,-0.000440542,0,0,0,0,0.01352,0.001,0,676
0.364486,4.02202e-07,0,0,-7.6253e-05,0,0.555,-0.00043984,0,0,0,0,0.01354,0.001,0,677
0.364486,4.00425e-07,0,0,-0.000102322,0,0.555,-0.000439253,0,0,0,0,0.01356,0.001,0,678
0.364486,3.98057e-07,0,0,-0.000129002,0,0.555,-0.000438794,0,0,0,0,0.01358,0.001,0,679
0.364486,3.95394e-07,0,0,-0.000155987,0,0.555,-0.000438398,0,0,0,0,0.0136,0.001,0,680
0.364487,-8.69224e-07,0,0,-0.000286986,0,0.555,-0.000359152,0,0,0,0,0.01522,0.001,0,761
0.364484,1.68158e-07,0,0,0.000306581,0,0.555,-0.000242289,0,0,0,0,0.00728,0.001,0,364
0.364484,1.74147e-07,0,0,0.000271992,0,0.555,-0.000224652,0,0,0,0,0.0073,0.001,0,365
0.364484,-1.2503e-07,0,0,0.000172606,0,0.555,-0.000376495,0,0,0,0,0.00994,0.001,0,497
0.364484,-1.21456e-07,0,0,0.000184119,0,0.555,-0.000366589,0,0,0,0,0.00996,0.001,0,498
0.364484,1.79037e-07,0,0,0.000240512,0,0.555,-0.000208703,0,0,0,0,0.00732,0.001,0,366
0.364484,1.83594e-07,0,0,0.000210003,0,0.555,-0.0001933,0,0,0,0,0.00734,0.001,0,367
0.364485,8.82184e-08,0,0,1.78687e-05,0,0.555,-0.000276873,0,0,0,0,0.0116,0.001,0,580
0.364485,8.86295e-08,0,0,2.11294e-05,0,0.555,-0.000283289,0,0,0,0,0.01162,0.001,0,581
0.364485,8.90772e-08,0,0,2.44103e-05,0,0.555,-0.000289657,0,0,0,0,0.01164,0.001,0,582
0.364485,8.95983e-08,0,0,2.77314e-05,0,0.555,-0.000295932,0,0,0,0,0.01166,0.001,0,583
0.364485,9.01936e-08,0,0,3.107e-05,0,0.555,-0.000302107,0,0,0,0,0.01168,0.001,0,584
0.364485,9.08261e-08,0,0,3.44171e-05,0,0.555,-0.000308232,0,0,0,0,0.0117,0.001,0,585
0.364485,9.15703e-08,0,0,3.77644e-05,0,0.555,-0.000314195,0,0,0,0,0.01172,0.001,0,586
0.364485,9.23517e-08,0,0,4.11062e-05,0,0.555,-0.000320098,0,0,0,0,0.01174,0.001,0,587
0.364485,9.32073e-08,0,0,4.44369e-05,0,0.555,-0.000325884,0,0,0,0,0.01176,0.001,0,588
0.364485,9.41366e-08,0,0,4.77502e-05,0,0.555,-0.000331547,0,0,0,0,0.01178,0.001,0,589
0.364485,9.51029e-08,0,0,5.1055e-05,0,0.555,-0.000337151,0,0,0,0,0.0118,0.001,0,590
0.364484,1.87485e-07,0,0,0.000181437,0,0.555,-0.000178985,0,0,0,0,0.00736,0.001,0,368
0.364484,1.90773e-07,0,0,0.000154688,0,0.555,-0.000165722,0,0,0,0,0.00738,0.001,0,369
0.364484,1.93758e-07,0,0,0.000128846,0,0.555,-0.000152985,0,0,0,0,0.0074,0.001,0,370
0.364484,1.95927e-07,0,0,0.000105534,0,0.555,-0.000141758,0,0,0,0,0.00742,0.001,0,371
0.364484,1.73751e-07,0,0,-0.0001454,0,0.555,-6.18525e-05,0,0,0,0,0.00784,0.001,0,392
0.364484,1.70796e-07,0,0,-0.000149387,0,0.555,-6.36413e-05,0,0,0,0,0.00786,0.001,0,393
0.364484,1.67762e-07,0,0,-0.000152888,0,0.555,-6.5799e-05,0,0,0,0,0.00788,0.001,0,394
0.364484,1.64687e-07,0,0,-0.000156146,0,0.555,-6.81412e-05,0,0,0,0,0.0079,0.001,0,395
0.364484,1.61516e-07,0,0,-0.000158749,0,0.555,-7.0983e-05,0,0,0,0,0.00792,0.001,0,396
0.364484,1.58319e-07,0,0,-0.000161158,0,0.555,-7.3977e-05,0,0,0,0,0.00794,0.001,0,397
0.364484,1.55071e-07,0,0,-0.000163179,0,0.555,-7.72755e-05,0,0,0,0,0.00796,0.001,0,398
0.364484,1.51784e-07,0,0,-0.000164856,0,0.555,-8.08545e-05,0,0,0,0,0.00798,0.001,0,399
0.364484,1.48478e-07,0,0,-0.000166361,0,0.555,-8.45736e-05,0,0,0,0,0.008,0.001,0,400
0.364484,1.4513e-07,0,0,-0.000167421,0,0.555,-8.86731e-05,0,0,0,0,0.00802,0.001,0,401
0.364484,1.41772e-07,0,0,-0.000168352,0,0.555,-9.28897e-05,0,0,0,0,0.00804,0.001,0,402
0.364484,1.38395e-07,0,0,-0.000169028,0,0.555,-9.73403e-05,0,0,0,0,0.00806,0.001,0,403
0.364484,1.35008e-07,0,0,-0.000169485,0,0.555,-0.000102007,0,0,0,0,0.00808,0.001,0,404
0.364484,1.31614e-07,0,0,-0.000169834,0,0.555,-0.000106781,0,0,0,0,0.0081,0.001,0,405
0.364484,1.28214e-07,0,0,-0.000169928,0,0.555,-0.000111859,0,0,0,0,0.00812,0.001,0,406
0.364484,1.24814e-07,0,0,-0.00016996,0,0.555,-0.000117032,0,0,0,0,0.00814,0.001,0,407
0.364484,1.21415e-07,0,0,-0.000169865,0,0.555,-0.000122394,0,0,0,0,0.00816,0.001,0,408
0.364484,1.18019e-07,0,0,-0.000169684,0,0.555,-0.000127931,0,0,0,0,0.00818,0.001,0,409
0.364484,1.14625e-07,0,0,-0.000169459,0,0.555,-0.000133556,0,0,0,0,0.0082,0.001,0,410
0.364484,1.11241e-07,0,0,-0.000169167,0,0.555,-0.000139438,0,0,0,0,0.00822,0.001,0,411
0.364484,1.0786e-07,0,0,-0.000168873,0,0.555,-0.000145401,0,0,0,0,0.00824,0.001,0,412
0.364484,1.04485e-07,0,0,-0.000168573,0,0.555,-0.000151528,0,0,0,0,0.00826,0.001,0,413
0.364484,1.01117e-07,0,0,-0.000168307,0,0.555,-0.000157812,0,0,0,0,0.00828,0.001,0,414
0.364484,9.77527e-08,0,0,-0.000168057,0,0.555,-0.000164175,0,0,0,0,0.0083,0.001,0,415
0.364484,9.43951e-08,0,0,-0.000167918,0,0.555,-0.000170769,0,0,0,0,0.00832,0.001,0,416
0.364484,9.10382e-08,0,0,-0.000167832,0,0.555,-0.000177435,0,0,0,0,0.00834,0.001,0,417
0.364484,8.76829e-08,0,0,-0.000167853,0,0.555,-0.000184247,0,0,0,0,0.00836,0.001,0,418
0.364485,8.9133e-08,0,0,-1.1711e-05,0,0.555,-0.000162602,0,0,0,0,0.01126,0.001,0,563
0.364485,8.8889e-08,0,0,-1.22246e-05,0,0.555,-0.000169149,0,0,0,0,0.01128,0.001,0,564
0.364485,8.86382e-08,0,0,-1.25164e-05,0,0.555,-0.000175745,0,0,0,0,0.0113,0.001,0,565
0.364485,8.83884e-08,0,0,-1.21892e-05,0,0.555,-0.000182452,0,0,0,0,0.01132,0.001,0,566
0.364485,8.81455e-08,0,0,-1.16735e-05,0,0.555,-0.000189185,0,0,0,0,0.01134,0.001,0,567
0.364485,8.79164e-08,0,0,-1.07804e-05,0,0.555,-0.000195967,0,0,0,0,0.01136,0.001,0,568
0.364485,8.77132e-08,0,0,-9.54869e-06,0,0.555,-0.000202779,0,0,0,0,0.01138,0.001,0,569
0.364485,8.75229e-08,0,0,-8.14762e-06,0,0.555,-0.000209605,0,0,0,0,0.0114,0.001,0,570
0.364485,8.73873e-08,0,0,-6.30043e-06,0,0.555,-0.000216447,0,0,0,0,0.01142,0.001,0,571
0.364485,8.72746e-08,0,0,-4.32559e-06,0,0.555,-0.000223284,0,0,0,0,0.01144,0.001,0,572
0.364485,8.72074e-08,0,0,-2.09564e-06,0,0.555,-0.000230111,0,0,0,0,0.01146,0.001,0,573
0.364485,8.71937e-08,0,0,3.48103e-07,0,0.555,-0.000236912,0,0,0,0,0.01148,0.001,0,574
0.364485,8.72068e-08,0,0,2.89875e-06,0,0.555,-0.000243701,0,0,0,0,0.0115,0.001,0,575
0.364485,8.73097e-08,0,0,5.70905e-06,0,0.555,-0.000250428,0,0,0,0,0.01152,0.001,0,576
0.364485,8.74451e-08,0,0,8.58639e-06,0,0.555,-0.000257126,0,0,0,0,0.01154,0.001,0,577
0.364485,8.76455e-08,0,0,1.15982e-05,0,0.555,-0.000263766,0,0,0,0,0.01156,0.001,0,578
0.364485,8.79147e-08,0,0,1.47088e-05,0,0.555,-0.000270337,0,0,0,0,0.01158,0.001,0,579
0.364484,1.97849e-07,0,0,8.30043e-05,0,0.555,-0.000131008,0,0,0,0,0.00744,0.001,0,372
0.364484,1.99281e-07,0,0,6.20387e-05,0,0.555,-0.000121214,0,0,0,0,0.00746,0.001,0,373
0.364484,2.00272e-07,0,0,4.25253e-05,0,0.555,-0.00011233,0,0,0,0,0.00748,0.001,0,374
0.364484,2.01042e-07,0,0,2.37375e-05,0,0.555,-0.000103901,0,0,0,0,0.0075,0.001,0,375
0.364484,2.01221e-07,0,0,6.96367e-06,0,0.555,-9.6762e-05,0,0,0,0,0.00752,0.001,0,376
0.364484,2.01225e-07,0,0,-9.19404e-06,0,0.555,-9.00271e-05,0,0,0,0,0.00754,0.001,0,377
0.364484,2.00877e-07,0,0,-2.41206e-05,0,0.555,-8.41006e-05,0,0,0,0,0.00756,0.001,0,378
0.364484,2.00217e-07,0,0,-3.79162e-05,0,0.555,-7.8933e-05,0,0,0,0,0.00758,0.001,0,379
0.364484,1.99401e-07,0,0,-5.11459e-05,0,0.555,-7.41451e-05,0,0,0,0,0.0076,0.001,0,380
0.364484,1.98171e-07,0,0,-6.28145e-05,0,0.555,-7.04168e-05,0,0,0,0,0.00762,0.001,0,381
0.364484,1.9682e-07,0,0,-7.40077e-05,0,0.555,-6.70185e-05,0,0,0,0,0.00764,0.001,0,382
0.364484,1.95226e-07,0,0,-8.42496e-05,0,0.555,-6.42803e-05,0,0,0,0,0.00766,0.001,0,383
0.364484,1.93419e-07,0,0,-9.36262e-05,0,0.555,-6.21555e-05,0,0,0,0,0.00768,0.001,0,384
0.364484,1.91507e-07,0,0,-0.00010257,0,0.555,-6.03375e-05,0,0,0,0,0.0077,0.001,0,385
0.364484,1.89317e-07,0,0,-0.000110323,0,0.555,-5.93633e-05,0,0,0,0,0.00772,0.001,0,386
0.364484,1.87047e-07,0,0,-0.000117715,0,0.555,-5.86493e-05,0,0,0,0,0.00774,0.001,0,387
0.364484,1.84617e-07,0,0,-0.000124381,0,0.555,-5.84558e-05,0,0,0,0,0.00776,0.001,0,388
0.364484,1.82051e-07,0,0,-0.000130394,0,0.555,-5.87452e-05,0,0,0,0,0.00778,0.001,0,389
0.364484,1.79416e-07,0,0,-0.00013608,0,0.555,-5.92763e-05,0,0,0,0,0.0078,0.001,0,390
0.364484,1.76608e-07,0,0,-0.000140875,0,0.555,-6.04642e-05,0,0,0,0,0.00782,0.001,0,391
0.364485,8.25339e-08,0,0,7.20165e-05,0,0.555,-7.50304e-05,0,0,0,0,0.0109,0.001,0,545
0.364485,8.38371e-08,0,0,6.40528e-05,0,0.555,-7.77186e-05,0,0,0,0,0.01092,0.001,0,546
0.364485,8.50548e-08,0,0,5.62738e-05,0,0.555,-8.05965e-05,0,0,0,0,0.01094,0.001,0,547
0.364485,8.61013e-08,0,0,4.88649e-05,0,0.555,-8.38536e-05,0,0,0,0,0.01096,0.001,0,548
0.364485,8.69897e-08,0,0,4.18678e-05,0,0.555,-8.7464e-05,0,0,0,0,0.01098,0.001,0,549
0.364485,8.7799e-08,0,0,3.50768e-05,0,0.555,-9.1251e-05,0,0,0,0,0.011,0.001,0,550
0.364485,8.83928e-08,0,0,2.89571e-05,0,0.555,-9.55252e-05,0,0,0,0,0.01102,0.001,0,551
0.364485,8.89224e-08,0,0,2.30754e-05,0,0.555,-9.99459e-05,0,0,0,0,0.01104,0.001,0,552
0.364485,8.93237e-08,0,0,1.76686e-05,0,0.555,-0.00010466,0,0,0,0,0.01106,0.001,0,553
0.364485,8.96131e-08,0,0,1.27555e-05,0,0.555,-0.00010964,0,0,0,0,0.01108,0.001,0,554
0.364485,8.98464e-08,0,0,8.08913e-06,0,0.555,-0.000114753,0,0,0,0,0.0111,0.001,0,555
0.364485,8.99366e-08,0,0,4.17979e-06,0,0.555,-0.00012022,0,0,0,0,0.01112,0.001,0,556
0.364485,8.99877e-08,0,0,5.24129e-07,0,0.555,-0.00012579,0,0,0,0,0.01114,0.001,0,557
0.364485,8.99604e-08,0,0,-2.62398e-06,0,0.555,-0.000131565,0,0,0,0,0.01116,0.001,0,558
0.364485,8.98715e-08,0,0,-5.27051e-06,0,0.555,-0.000137517,0,0,0,0,0.01118,0.001,0,559
0.364485,8.97519e-08,0,0,-7.66613e-06,0,0.555,-0.000143558,0,0,0,0,0.0112,0.001,0,560
0.364485,8.95649e-08,0,0,-9.32751e-06,0,0.555,-0.000149825,0,0,0,0,0.01122,0.001,0,561
0.364485,8.93634e-08,0,0,-1.07541e-05,0,0.555,-0.000156152,0,0,0,0,0.01124,0.001,0,562
0.364497,-2.7551e-07,0,0.0345,0.00031868,0,0.55275,-0.0320778,0,0,0,0,0.01952,0.001,0,976
0.364487,5.54712e-07,0,0.00450017,-0.00101201,0,0.55425,-0.000947245,0,0,0,0,0.01796,0.001,0,898
0.364484,-2.71781e-08,0,0.00449998,-0.000228141,0,0.55425,-0.000419583,0,0,0,0,0.00896,0.001,0,448
0.364484,-4.93027e-08,0,0,0.00116262,0,0.55425,-0.000655599,0,0,0,0,0.00696,0.001,0,348
0.364486,4.04298e-07,0,0,2.13568e-05,0,0.55425,-0.000443196,0,0,0,0,0.01346,0.001,0,673
0.364496,-2.87369e-07,0,0.0254998,0.000274708,0,0.55275,-0.028016,0,0,0,0,0.01948,0.001,0,974
0.364498,-2.61921e-07,0,0.0375,0.000363867,0,0.55125,-0.0367307,0,0,0,0,0.01956,0.001,0,978
0.364494,-3.01915e-07,0,0.0225,0.000210792,0,0.55275,-0.0228883,0,0,0,0,0.01942,0.001,0,971
0.364497,-2.68965e-07,0,0.0375,0.000341088,0,0.55125,-0.0343154,0,0,0,0,0.01954,0.001,0,977
0.364484,-3.26579e-07,0,0.00524999,0.00195984,0,0.5535,-0.000946252,0,0,0,0,0.00678,0.001,0,339
0.364485,1.3147e-07,0,0.00525002,0.000126245,0,0.5535,-0.000427943,0,0,0,0,0.01222,0.001,0,611
0.364487,-8.82459e-07,0,0.00524996,-0.000152732,0,0.5535,-0.000315573,0,0,0,0,0.01528,0.001,0,764
0.364487,6.33286e-07,0,0.0015,-0.000948526,0,0.5535,-0.000922689,0,0,0,0,0.01788,0.001,0,894
0.364487,8.39929e-07,0,0,-0.000607326,0,0.5535,-0.00080682,0,0,0,0,0.01762,0.001,0,881
0.364484,8.43251e-08,0,0,-0.00016801,0,0.5535,-0.0001912,0,0,0,0,0.00838,0.001,0,419
0.364487,-1.73617e-07,0,-0.00600008,0.00143015,0,0.55275,0.000305003,0,0,0,0,0.01618,0.001,0,809
0.364487,9.25105e-07,0,0.00599987,-0.000230784,0,0.55275,-0.000656037,0,0,0,0,0.01742,0.001,0,871
0.364486,3.90959e-07,0,0.00599998,0.000160293,0,0.55275,-0.000452264,0,0,0,0,0.01332,0.001,0,666
0.364485,-1.09405e-07,0,0.00599998,0.0002155,0,0.55275,-0.000335929,0,0,0,0,0.01002,0.001,0,501
0.364485,9.61788e-08,0,0,5.43335e-05,0,0.55275,-0.000342568,0,0,0,0,0.01182,0.001,0,591
0.364485,8.09565e-08,0,0,8.04604e-05,0,0.55275,-7.29518e-05,0,0,0,0,0.01088,0.001,0,544
0.364495,-2.92692e-07,0,0.0225,0.000253113,0,0.55125,-0.0261728,0,0,0,0,0.01946,0.001,0,973
0.364495,-2.97538e-07,0,0.0225,0.000231822,0,0.55125,-0.0244687,0,0,0,0,0.01944,0.001,0,972
0.36456,1.37761e-05,0,-0.0862499,-0.0481351,0,0.53625,0.0865987,0,0,0,0,0.0048,0.001,0,240
0.364487,5.7483e-07,0,0.00675004,-0.000998127,0,0.552,-0.000941249,0,0,0,0,0.01794,0.001,0,897
0.364484,-2.26317e-08,0,0.00675002,-0.000226149,0,0.552,-0.000412194,0,0,0,0,0.00894,0.001,0,447
0.364484,-7.32779e-08,0,0,0.00123905,0,0.552,-0.000688325,0,0,0,0,0.00694,0.001,0,347
0.364486,4.03634e-07,0,0,4.3882e-05,0,0.552,-0.000444272,0,0,0,0,0.01344,0.001,0,672
0.364484,-2.87762e-07,0,0.00749995,0.00185822,0,0.55125,-0.000916737,0,0,0,0,0.0068,0.001,0,340
0.364485,1.28962e-07,0,0.0075,0.00012177,0,0.55125,-0.000424688,0,0,0,0,0.0122,0.001,0,610
0.364487,-8.85369e-07,0,0.0075,-0.000107014,0,0.55125,-0.000300416,0,0,0,0,0.0153,0.001,0,765
0.364487,5.94616e-07,0,0.00600008,-0.000982795,0,0.55125,-0.000935178,0,0,0,0,0.01792,0.001,0,896
0.364487,6.14237e-07,0,0.00375,-0.000966735,0,0.55125,-0.00092907,0,0,0,0,0.0179,0.001,0,895
0.364487,8.51977e-07,0,0,-0.000573735,0,0.55125,-0.000794554,0,0,0,0,0.0176,0.001,0,880
0.364484,8.09659e-08,0,0,-0.000168235,0,0.55125,-0.000198224,0,0,0,0,0.0084,0.001,0,420
0.364487,-2.02155e-07,0,-0.00675004,0.00142022,0,0.5505,0.000301127,0,0,0,0,0.01616,0.001,0,808
0.364487,9.20166e-07,0,0.00675021,-0.000271717,0,0.5505,-0.000673737,0,0,0,0,0.01744,0.001,0,872
0.364486,3.94042e-07,0,0.00675002,0.000143333,0,0.5505,-0.000450776,0,0,0,0,0.01334,0.001,0,667
0.364485,-1.05017e-07,0,0.00675002,0.000224904,0,0.5505,-0.000325485,0,0,0,0,0.01004,0.001,0,502
0.364485,9.72911e-08,0,0,5.76048e-05,0,0.5505,-0.00034792,0,0,0,0,0.01184,0.001,0,592
0.364485,7.92829e-08,0,0,8.90363e-05,0,0.5505,-7.10882e-05,0,0,0,0,0.01086,0.001,0,543
0.364484,-1.81342e-08,0,0.00599998,-0.000223913,0,0.54975,-0.000404644,0,0,0,0,0.00892,0.001,0,446
0.364484,-9.90064e-08,0,0,0.00131882,0,0.54975,-0.000721356,0,0,0,0,0.00692,0.001,0,346
0.364486,4.02485e-07,0,0,6.54662e-05,0,0.54975,-0.000445437,0,0,0,0,0.01342,0.001,0,671
0.364484,-2.5225e-07,0,0.00525004,0.00176156,0,0.549,-0.000885264,0,0,0,0,0.00682,0.001,0,341
0.364485,1.266e-07,0,0.00524996,0.000117522,0,0.549,-0.000421281,0,0,0,0,0.01218,0.001,0,609
0.364487,-8.8674e-07,0,0.00525006,-6.0557e-05,0,0.549,-0.000284707,0,0,0,0,0.01532,0.001,0,766
0.364487,8.62878e-07,0,0,-0.000538568,0,0.549,-0.000781314,0,0,0,0,0.01758,0.001,0,879
0.364484,7.75957e-08,0,0,-0.000168704,0,0.549,-0.000205451,0,0,0,0,0.00842,0.001,0,421
0.364487,-2.30465e-07,0,-0.00449996,0.00140867,0,0.54825,0.000296398,0,0,0,0,0.01614,0.001,0,807
0.364487,9.14319e-07,0,0.0045,-0.000312016,0,0.54825,-0.000690834,0,0,0,0,0.01746,0.001,0,873
0.364486,3.96741e-07,0,0.00450008,0.000125288,0,0.54825,-0.000449345,0,0,0,0,0.01336,0.001,0,668
0.364485,-1.00422e-07,0,0.00449998,0.000233628,0,0.54825,-0.000314943,0,0,0,0,0.01006,0.001,0,503
0.364485,9.8476e-08,0,0,6.08618e-05,0,0.54825,-0.000353141,0,0,0,0,0.01186,0.001,0,593
0.364485,7.74166e-08,0,0,9.78762e-05,0,0.54825,-6.96542e-05,0,0,0,0,0.01084,0.001,0,542
0.364484,-1.36612e-08,0,0.00375,-0.000221554,0,0.5475,-0.000397013,0,0,0,0,0.0089,0.001,0,445
0.364484,-2.17785e-07,0,0.00300002,0.00166658,0,0.5475,-0.000853397,0,0,0,0,0.00684,0.001,0,342
0.364485,1.24283e-07,0,0.00299994,0.000113344,0,0.5475,-0.000417821,0,0,0,0,0.01216,0.001,0,608
0.364487,-8.87592e-07,0,0.00300004,-1.39186e-05,0,0.5475,-0.000268835,0,0,0,0,0.01534,0.001,0,767
0.364487,-2.5849e-07,0,-0.00225,0.0013955,0,0.5475,0.000290842,0,0,0,0,0.01612,0.001,0,806
0.364487,9.0759e-07,0,0.00225008,-0.000351581,0,0.5475,-0.000707305,0,0,0,0,0.01748,0.001,0,874
0.364486,3.99022e-07,0,0.00225004,0.000106196,0,0.5475,-0.00044798,0,0,0,0,0.01338,0.001,0,669
0.364485,-9.56462e-08,0,0.00225004,0.000241622,0,0.5475,-0.000304351,0,0,0,0,0.01008,0.001,0,504
0.364484,-1.85412e-07,0,0.000750031,0.00157498,0,0.5475,-0.000820743,0,0,0,0,0.00686,0.001,0,343
0.364484,-9.27205e-09,0,0.00149996,-0.00021891,0,0.5475,-0.000389179,0,0,0,0,0.00888,0.001,0,444
0.364484,-1.55017e-07,0,0,0.00148677,0,0.5475,-0.000787731,0,0,0,0,0.00688,0.001,0,344
0.364484,-1.25612e-07,0,0,0.00140027,0,0.5475,-0.000754541,0,0,0,0,0.0069,0.001,0,345
0.364487,-2.86376e-07,0,0,0.00138153,0,0.5475,0.000284872,0,0,0,0,0.0161,0.001,0,805
0.364487,-3.13752e-07,0,0,0.00136515,0,0.5475,0.00027771,0,0,0,0,0.01608,0.001,0,804
0.364487,-3.40933e-07,0,0,0.00134797,0,0.5475,0.00027017,0,0,0,0,0.01606,0.001,0,803
0.364487,-3.67725e-07,0,0,0.0013292,0,0.5475,0.000261872,0,0,0,0,0.01604,0.001,0,802
0.364487,-3.94073e-07,0,0,0.00130885,0,0.5475,0.00025285,0,0,0,0,0.01602,0.001,0,801
0.364487,-4.20201e-07,0,0,0.00128771,0,0.5475,0.000243464,0,0,0,0,0.016,0.001,0,800
0.364487,-4.45582e-07,0,0,0.00126424,0,0.5475,0.000233054,0,0,0,0,0.01598,0.001,0,799
0.364487,-4.70689e-07,0,0,0.00123999,0,0.5475,0.000222321,0,0,0,0,0.01596,0.001,0,798
0.364487,-4.95251e-07,0,0,0.00121422,0,0.5475,0.000210943,0,0,0,0,0.01594,0.001,0,797
0.364487,-5.19214e-07,0,0,0.00118695,0,0.5475,0.00019896,0,0,0,0,0.01592,0.001,0,796
0.364487,-5.4288e-07,0,0,0.00115893,0,0.5475,0.000186674,0,0,0,0,0.0159,0.001,0,795
0.364487,-5.65572e-07,0,0,0.00112873,0,0.5475,0.000173548,0,0,0,0,0.01588,0.001,0,794
0.364485,1.22058e-07,0,0.000749958,0.000109308,0,0.5475,-0.000414255,0,0,0,0,0.01214,0.001,0,607
0.364487,-5.87919e-07,0,0,0.00109782,0,0.5475,0.000160164,0,0,0,0,0.01586,0.001,0,793
0.364487,-6.09568e-07,0,0,0.0010655,0,0.5475,0.000146266,0,0,0,0,0.01584,0.001,0,792
0.364487,-6.30476e-07,0,0,0.00103183,0,0.5475,0.000131902,0,0,0,0,0.01582,0.001,0,791
0.364487,-6.51016e-07,0,0,0.000997484,0,0.5475,0.000117304,0,0,0,0,0.0158,0.001,0,790
0.364487,-6.70376e-07,0,0,0.000961206,0,0.5475,0.000102067,0,0,0,0,0.01578,0.001,0,789
0.364487,-6.89325e-07,0,0,0.000924317,0,0.5475,8.66426e-05,0,0,0,0,0.01576,0.001,0,788
0.364487,8.7338e-07,0,0,-0.000502917,0,0.5475,-0.00076775,0,0,0,0,0.01756,0.001,0,878
0.364487,-7.07444e-07,0,0,0.00088622,0,0.5475,7.08485e-05,0,0,0,0,0.01574,0.001,0,787
0.364487,8.83084e-07,0,0,-0.000466289,0,0.5475,-0.000753535,0,0,0,0,0.01754,0.001,0,877
0.364484,-4.91369e-09,0,0,-0.0002162,0,0.5475,-0.000381291,0,0,0,0,0.00886,0.001,0,443
0.364487,-7.24697e-07,0,0,0.000846992,0,0.5475,5.47364e-05,0,0,0,0,0.01572,0.001,0,786
0.364487,8.91959e-07,0,0,-0.000428759,0,0.5475,-0.000738663,0,0,0,0,0.01752,0.001,0,876
0.364484,2.39133e-08,0,0,-0.000195603,0,0.5475,-0.000324126,0,0,0,0,0.00872,0.001,0,436
0.364484,1.99792e-08,0,0,-0.000198506,0,0.5475,-0.000332398,0,0,0,0,0.00874,0.001,0,437
0.364484,1.598e-08,0,0,-0.000201477,0,0.5475,-0.000340659,0,0,0,0,0.00876,0.001,0,438
0.364484,1.19139e-08,0,0,-0.000204469,0,0.5475,-0.000348885,0,0,0,0,0.00878,0.001,0,439
0.364484,7.81445e-09,0,0,-0.000207472,0,0.5475,-0.000357094,0,0,0,0,0.0088,0.001,0,440
0.364484,3.61492e-09,0,0,-0.000210434,0,0.5475,-0.000365216,0,0,0,0,0.00882,0.001,0,441
0.364484,-6.1705e-10,0,0,-0.000213356,0,0.5475,-0.000373296,0,0,0,0,0.00884,0.001,0,442
0.364485,1.02427e-07,0,0,7.06097e-05,0,0.5475,-0.000368096,0,0,0,0,0.01192,0.001,0,596
0.364485,1.03865e-07,0,0,7.3872e-05,0,0.5475,-0.000372866,0,0,0,0,0.01194,0.001,0,597
0.364485,1.05375e-07,0,0,7.71548e-05,0,0.5475,-0.000377505,0,0,0,0,0.01196,0.001,0,598
0.364485,1.06958e-07,0,0,8.04768e-05,0,0.5475,-0.000382014,0,0,0,0,0.01198,0.001,0,599
0.364485,1.08578e-07,0,0,8.38185e-05,0,0.5475,-0.000386458,0,0,0,0,0.012,0.001,0,600
0.364485,1.10311e-07,0,0,8.72416e-05,0,0.5475,-0.000390716,0,0,0,0,0.01202,0.001,0,601
0.364485,1.12082e-07,0,0,9.07027e-05,0,0.5475,-0.000394914,0,0,0,0,0.01204,0.001,0,602
0.364485,1.1393e-07,0,0,9.42397e-05,0,0.5475,-0.000398992,0,0,0,0,0.01206,0.001,0,603
0.364485,1.15859e-07,0,0,9.78727e-05,0,0.5475,-0.000402951,0,0,0,0,0.01208,0.001,0,604
0.364485,1.17827e-07,0,0,0.000101554,0,0.5475,-0.000406851,0,0,0,0,0.0121,0.001,0,605
0.364485,1.19921e-07,0,0,0.000105399,0,0.5475,-0.00041058,0,0,0,0,0.01212,0.001,0,606
0.364487,9.00417e-07,0,0,-0.000390784,0,0.5475,-0.000723465,0,0,0,0,0.0175,0.001,0,875
0.364484,5.7062e-08,0,0,-0.000174801,0,0.5475,-0.000250876,0,0,0,0,0.00854,0.001,0,427
0.364484,5.35518e-08,0,0,-0.000176465,0,0.5475,-0.000258786,0,0,0,0,0.00856,0.001,0,428
0.364484,5.00014e-08,0,0,-0.00017833,0,0.5475,-0.000266781,0,0,0,0,0.00858,0.001,0,429
0.364484,4.64309e-08,0,0,-0.000180296,0,0.5475,-0.000274817,0,0,0,0,0.0086,0.001,0,430
0.364484,4.27897e-08,0,0,-0.000182545,0,0.5475,-0.000282957,0,0,0,0,0.00862,0.001,0,431
0.364484,3.9122e-08,0,0,-0.000184878,0,0.5475,-0.000291122,0,0,0,0,0.00864,0.001,0,432
0.364484,3.54012e-08,0,0,-0.00018738,0,0.5475,-0.000299338,0,0,0,0,0.00866,0.001,0,433
0.364484,3.16224e-08,0,0,-0.000190021,0,0.5475,-0.000307585,0,0,0,0,0.00868,0.001,0,434
0.364484,2.78146e-08,0,0,-0.000192733,0,0.5475,-0.000315847,0,0,0,0,0.0087,0.001,0,435
0.364485,9.97329e-08,0,0,6.41116e-05,0,0.5475,-0.000358234,0,0,0,0,0.01188,0.001,0,594
0.364485,1.01026e-07,0,0,6.73577e-05,0,0.5475,-0.000363261,0,0,0,0,0.0119,0.001,0,595
0.364487,-8.87404e-07,0,0.000750063,3.30789e-05,0,0.5475,-0.000252637,0,0,0,0,0.01536,0.001,0,768
0.364487,-7.41518e-07,0,0,0.000807195,0,0.5475,3.84637e-05,0,0,0,0,0.0157,0.001,0,785
0.364484,7.42187e-08,0,0,-0.000169264,0,0.5475,-0.000212741,0,0,0,0,0.00844,0.001,0,422
0.364484,7.08283e-08,0,0,-0.000170009,0,0.5475,-0.000220161,0,0,0,0,0.00846,0.001,0,423
0.364484,6.74184e-08,0,0,-0.000170952,0,0.5475,-0.0002277,0,0,0,0,0.00848,0.001,0,424
0.364484,6.39984e-08,0,0,-0.000171993,0,0.5475,-0.000235299,0,0,0,0,0.0085,0.001,0,425
0.364484,6.05386e-08,0,0,-0.000173345,0,0.5475,-0.000243063,0,0,0,0,0.00852,0.001,0,426
0.364487,-7.56985e-07,0,0,0.000765844,0,0.5475,2.17845e-05,0,0,0,0,0.01568,0.001,0,784
0.364487,-7.71986e-07,0,0,0.000724021,0,0.5475,4.99598e-06,0,0,0,0,0.01566,0.001,0,783
0.364487,-7.86049e-07,0,0,0.000681265,0,0.5475,-1.20063e-05,0,0,0,0,0.01564,0.001,0,782
0.364487,-7.99148e-07,0,0,0.000637678,0,0.5475,-2.91684e-05,0,0,0,0,0.01562,0.001,0,781
0.364487,-8.11764e-07,0,0,0.000593678,0,0.5475,-4.641e-05,0,0,0,0,0.0156,0.001,0,780
0.364487,-8.22895e-07,0,0,0.000548611,0,0.5475,-6.38141e-05,0,0,0,0,0.01558,0.001,0,779
0.364487,-8.33519e-07,0,0,0.000503252,0,0.5475,-8.12436e-05,0,0,0,0,0.01556,0.001,0,778
0.364486,4.01094e-07,0,0,8.658e-05,0,0.5475,-0.000446647,0,0,0,0,0.0134,0.001,0,670
0.364487,-8.51714e-07,0,0,0.000410907,0,0.5475,-0.000116198,0,0,0,0,0.01552,0.001,0,776
0.364487,-8.43131e-07,0,0,0.000457308,0,0.5475,-9.87234e-05,0,0,0,0,0.01554,0.001,0,777
0.364485,-9.07788e-08,0,0,0.000249251,0,0.5475,-0.000293733,0,0,0,0,0.0101,0.001,0,505
0.364485,-8.56761e-08,0,0,0.00025572,0,0.5475,-0.000283107,0,0,0,0,0.01012,0.001,0,506
0.364485,-8.05081e-08,0,0,0.000261787,0,0.5475,-0.000272501,0,0,0,0,0.01014,0.001,0,507
0.364485,-7.52094e-08,0,0,0.000267049,0,0.5475,-0.000261936,0,0,0,0,0.01016,0.001,0,508
0.364485,-6.98075e-08,0,0,0.000271485,0,0.5475,-0.000251457,0,0,0,0,0.01018,0.001,0,509
0.364485,-6.43543e-08,0,0,0.000275509,0,0.5475,-0.000241022,0,0,0,0,0.0102,0.001,0,510
0.364485,-5.87874e-08,0,0,0.000278277,0,0.5475,-0.000230783,0,0,0,0,0.01022,0.001,0,511
0.364485,-5.31967e-08,0,0,0.000280626,0,0.5475,-0.000220632,0,0,0,0,0.01024,0.001,0,512
0.364485,-4.75585e-08,0,0,0.000282135,0,0.5475,-0.000210654,0,0,0,0,0.01026,0.001,0,513
0.364487,-8.66285e-07,0,0,0.000317163,0,0.5475,-0.00015105,0,0,0,0,0.01548,0.001,0,774
0.364487,-8.59781e-07,0,0,0.000364279,0,0.5475,-0.000133669,0,0,0,0,0.0155,0.001,0,775
0.364485,-4.19008e-08,0,0,0.000282813,0,0.5475,-0.000200894,0,0,0,0,0.01028,0.001,0,514
0.364485,-3.62334e-08,0,0,0.000283076,0,0.5475,-0.000191243,0,0,0,0,0.0103,0.001,0,515
0.364485,-3.0578e-08,0,0,0.000282119,0,0.5475,-0.00018198,0,0,0,0,0.01032,0.001,0,516
0.364485,-2.49397e-08,0,0,0.00028077,0,0.5475,-0.000172866,0,0,0,0,0.01034,0.001,0,517
0.364485,-1.93361e-08,0,0,0.000278636,0,0.5475,-0.000164048,0,0,0,0,0.01036,0.001,0,518
0.364485,-1.37926e-08,0,0,0.000275757,0,0.5475,-0.000155565,0,0,0,0,0.01038,0.001,0,519
0.364485,-8.27909e-09,0,0,0.000272504,0,0.5475,-0.000147249,0,0,0,0,0.0104,0.001,0,520
0.364485,-2.8922e-09,0,0,0.0002682,0,0.5475,-0.000139488,0,0,0,0,0.01042,0.001,0,521
0.364485,2.44094e-09,0,0,0.000263571,0,0.5475,-0.000131928,0,0,0,0,0.01044,0.001,0,522
0.364485,7.66729e-09,0,0,0.000258293,0,0.5475,-0.000124767,0,0,0,0,0.01046,0.001,0,523
0.364485,1.27661e-08,0,0,0.000252425,0,0.5475,-0.000118034,0,0,0,0,0.01048,0.001,0,524
0.364487,-8.77189e-07,0,0,0.000222558,0,0.5475,-0.000185573,0,0,0,0,0.01544,0.001,0,772
0.364487,-8.72263e-07,0,0,0.000269954,0,0.5475,-0.000168372,0,0,0,0,0.01546,0.001,0,773
0.364485,1.78012e-08,0,0,0.000246261,0,0.5475,-0.000111514,0,0,0,0,0.0105,0.001,0,525
0.364485,2.26166e-08,0,0,0.000239305,0,0.5475,-0.000105672,0,0,0,0,0.01052,0.001,0,526
0.364485,2.73507e-08,0,0,0.000232118,0,0.5475,-0.000100063,0,0,0,0,0.01054,0.001,0,527
0.364485,3.19217e-08,0,0,0.000224471,0,0.5475,-9.49243e-05,0,0,0,0,0.01056,0.001,0,528
0.364485,3.6316e-08,0,0,0.000216434,0,0.5475,-9.02699e-05,0,0,0,0,0.01058,0.001,0,529
0.364485,4.06217e-08,0,0,0.000208203,0,0.5475,-8.58578e-05,0,0,0,0,0.0106,0.001,0,530
0.364485,4.46442e-08,0,0,0.0001995,0,0.5475,-8.21901e-05,0,0,0,0,0.01062,0.001,0,531
0.364485,4.85676e-08,0,0,0.000190678,0,0.5475,-7.87728e-05,0,0,0,0,0.01064,0.001,0,532
0.364485,5.22931e-08,0,0,0.000181617,0,0.5475,-7.58562e-05,0,0,0,0,0.01066,0.001,0,533
0.364485,5.58137e-08,0,0,0.000172395,0,0.5475,-7.34435e-05,0,0,0,0,0.01068,0.001,0,534
0.364485,5.92321e-08,0,0,0.000163092,0,0.5475,-7.12824e-05,0,0,0,0,0.0107,0.001,0,535
0.364485,6.23374e-08,0,0,0.000153662,0,0.5475,-6.98736e-05,0,0,0,0,0.01072,0.001,0,536
0.364485,6.53376e-08,0,0,0.000144227,0,0.5475,-6.87113e-05,0,0,0,0,0.01074,0.001,0,537
0.364487,-8.86166e-07,0,0,8.03039e-05,0,0.5475,-0.000236162,0,0,0,0,0.01538,0.001,0,769
0.364487,-8.84404e-07,0,0,0.000127643,0,0.5475,-0.000219547,0,0,0,0,0.0154,0.001,0,770
0.364487,-8.81061e-07,0,0,0.000175114,0,0.5475,-0.000202602,0,0,0,0,0.01542,0.001,0,771
0.364485,6.81274e-08,0,0,0.000134784,0,0.5475,-6.80419e-05,0,0,0,0,0.01076,0.001,0,538
0.364485,7.07077e-08,0,0,0.000125406,0,0.5475,-6.78557e-05,0,0,0,0,0.01078,0.001,0,539
0.364485,7.31833e-08,0,0,0.000116061,0,0.5475,-6.7911e-05,0,0,0,0,0.0108,0.001,0,540
0.364485,7.53501e-08,0,0,0.000106918,0,0.5475,-6.86701e-05,0,0,0,0,0.01082,0.001,0,541
0.364562,1.47559e-05,0,-0.0795,-0.0491161,0,0.53175,0.0793535,0,0,0,0,0.00478,0.001,0,239
0.364555,3.08879e-05,0,0.18075,-0.0552546,0,0.4755,-0.183109,0,0,0,0,0.00448,0.001,0,224
0.364564,1.57461e-05,0,-0.0712499,-0.0500636,0,0.52725,0.0715282,0,0,0,0,0.00476,0.001,0,238
0.364565,1.67571e-05,0,-0.0599998,-0.0509445,0,0.52275,0.0625428,0,0,0,0,0.00474,0.001,0,237
0.364559,2.97806e-05,0,0.15375,-0.0554962,0,0.48,-0.153181,0,0,0,0,0.0045,0.001,0,225
0.364566,1.77864e-05,0,-0.0487501,-0.0517516,0,0.51975,0.0522772,0,0,0,0,0.00472,0.001,0,236
0.364567,1.8825e-05,0,-0.0375,-0.0525218,0,0.5175,0.0413711,0,0,0,0,0.0047,0.001,0,235
0.364568,1.98873e-05,0,-0.0285,-0.0531711,0,0.51525,0.0283555,0,0,0,0,0.00468,0.001,0,234
0.364561,2.8668e-05,0,0.13125,-0.0555748,0,0.48225,-0.126597,0,0,0,0,0.00452,0.001,0,226
0.364568,2.09561e-05,0,-0.0180001,-0.0537771,0,0.513,0.0145721,0,0,0,0,0.00466,0.001,0,233
0.364568,2.2038e-05,0,-0.00449987,-0.0542964,0,0.51075,-0.000747743,0,0,0,0,0.00464,0.001,0,232
0.364568,2.31299e-05,0,0.0135004,-0.054723,0,0.5085,-0.0177373,0,0,0,0,0.00462,0.001,0,231
0.364568,2.42268e-05,0,0.03375,-0.0551032,0,0.50625,-0.0355612,0,0,0,0,0.0046,0.001,0,230
0.364564,2.75555e-05,0,0.108,-0.0556003,0,0.486,-0.101057,0,0,0,0,0.00454,0.001,0,227
0.364567,2.5334e-05,0,0.0585001,-0.055337,0,0.4995,-0.056096,0,0,0,0,0.00458,0.001,0,229
0.364566,2.6443e-05,0,0.0832502,-0.0555197,0,0.49275,-0.0776037,0,0,0,0,0.00456,0.001,0,228
